login_id,pin,name,class,term,session,subject,ca,exam,subject_total,overall_total,average,grade,school_remark,teacher_remark
DKPSCRECHE001,6596,Atobatele Moradeke,Creche,Third Term,2025/2026,Letter Work,40,59,99,1032,93.82,A,Excellent,Excellent performance this term. Keep up the strong commitment and continue striving for even greater achievement.
DKPSCRECHE001,6596,Atobatele Moradeke,Creche,Third Term,2025/2026,Number Work,40,60,100,1032,93.82,A,Excellent,Excellent performance this term. Keep up the strong commitment and continue striving for even greater achievement.
DKPSCRECHE001,6596,Atobatele Moradeke,Creche,Third Term,2025/2026,Health Habit,36,60,96,1032,93.82,A,Excellent,Excellent performance this term. Keep up the strong commitment and continue striving for even greater achievement.
DKPSCRECHE001,6596,Atobatele Moradeke,Creche,Third Term,2025/2026,Social Habit,40,50,90,1032,93.82,A,Excellent,Excellent performance this term. Keep up the strong commitment and continue striving for even greater achievement.
DKPSCRECHE001,6596,Atobatele Moradeke,Creche,Third Term,2025/2026,Basic Science,40,60,100,1032,93.82,A,Excellent,Excellent performance this term. Keep up the strong commitment and continue striving for even greater achievement.
DKPSCRECHE001,6596,Atobatele Moradeke,Creche,Third Term,2025/2026,Quantitative,30,60,90,1032,93.82,A,Excellent,Excellent performance this term. Keep up the strong commitment and continue striving for even greater achievement.
DKPSCRECHE001,6596,Atobatele Moradeke,Creche,Third Term,2025/2026,Verbal,32,60,92,1032,93.82,A,Excellent,Excellent performance this term. Keep up the strong commitment and continue striving for even greater achievement.
DKPSCRECHE001,6596,Atobatele Moradeke,Creche,Third Term,2025/2026,C.C.A,26,60,86,1032,93.82,A,Excellent,Excellent performance this term. Keep up the strong commitment and continue striving for even greater achievement.
DKPSCRECHE001,6596,Atobatele Moradeke,Creche,Third Term,2025/2026,C.R.S,40,59,99,1032,93.82,A,Excellent,Excellent performance this term. Keep up the strong commitment and continue striving for even greater achievement.
DKPSCRECHE001,6596,Atobatele Moradeke,Creche,Third Term,2025/2026,Civic,32,58,90,1032,93.82,A,Excellent,Excellent performance this term. Keep up the strong commitment and continue striving for even greater achievement.
DKPSCRECHE001,6596,Atobatele Moradeke,Creche,Third Term,2025/2026,Rhymes,30,60,90,1032,93.82,A,Excellent,Excellent performance this term. Keep up the strong commitment and continue striving for even greater achievement.
DKPSCRECHE002,1098,Olanlokun Samuel,Creche,Third Term,2025/2026,Letter Work,30,59,89,1002,91.09,A,Excellent,Excellent performance this term. Keep up the strong commitment and continue striving for even greater achievement.
DKPSCRECHE002,1098,Olanlokun Samuel,Creche,Third Term,2025/2026,Number Work,40,60,100,1002,91.09,A,Excellent,Excellent performance this term. Keep up the strong commitment and continue striving for even greater achievement.
DKPSCRECHE002,1098,Olanlokun Samuel,Creche,Third Term,2025/2026,Health Habit,26,60,86,1002,91.09,A,Excellent,Excellent performance this term. Keep up the strong commitment and continue striving for even greater achievement.
DKPSCRECHE002,1098,Olanlokun Samuel,Creche,Third Term,2025/2026,Social Habit,40,50,90,1002,91.09,A,Excellent,Excellent performance this term. Keep up the strong commitment and continue striving for even greater achievement.
DKPSCRECHE002,1098,Olanlokun Samuel,Creche,Third Term,2025/2026,Basic Science,40,58,98,1002,91.09,A,Excellent,Excellent performance this term. Keep up the strong commitment and continue striving for even greater achievement.
DKPSCRECHE002,1098,Olanlokun Samuel,Creche,Third Term,2025/2026,Quantitative,30,60,90,1002,91.09,A,Excellent,Excellent performance this term. Keep up the strong commitment and continue striving for even greater achievement.
DKPSCRECHE002,1098,Olanlokun Samuel,Creche,Third Term,2025/2026,Verbal,30,60,90,1002,91.09,A,Excellent,Excellent performance this term. Keep up the strong commitment and continue striving for even greater achievement.
DKPSCRECHE002,1098,Olanlokun Samuel,Creche,Third Term,2025/2026,C.C.A,22,60,82,1002,91.09,A,Excellent,Excellent performance this term. Keep up the strong commitment and continue striving for even greater achievement.
DKPSCRECHE002,1098,Olanlokun Samuel,Creche,Third Term,2025/2026,C.R.S,40,59,99,1002,91.09,A,Excellent,Excellent performance this term. Keep up the strong commitment and continue striving for even greater achievement.
DKPSCRECHE002,1098,Olanlokun Samuel,Creche,Third Term,2025/2026,Civic,30,58,88,1002,91.09,A,Excellent,Excellent performance this term. Keep up the strong commitment and continue striving for even greater achievement.
DKPSCRECHE002,1098,Olanlokun Samuel,Creche,Third Term,2025/2026,Rhymes,30,60,90,1002,91.09,A,Excellent,Excellent performance this term. Keep up the strong commitment and continue striving for even greater achievement.
DKPSCRECHE003,2737,Adeshiyan Okiki,Creche,Third Term,2025/2026,Letter Work,30,60,90,971,88.27,A,Excellent,Excellent performance this term. Keep up the strong commitment and continue striving for even greater achievement.
DKPSCRECHE003,2737,Adeshiyan Okiki,Creche,Third Term,2025/2026,Number Work,40,60,100,971,88.27,A,Excellent,Excellent performance this term. Keep up the strong commitment and continue striving for even greater achievement.
DKPSCRECHE003,2737,Adeshiyan Okiki,Creche,Third Term,2025/2026,Health Habit,22,58,80,971,88.27,A,Excellent,Excellent performance this term. Keep up the strong commitment and continue striving for even greater achievement.
DKPSCRECHE003,2737,Adeshiyan Okiki,Creche,Third Term,2025/2026,Social Habit,40,60,100,971,88.27,A,Excellent,Excellent performance this term. Keep up the strong commitment and continue striving for even greater achievement.
DKPSCRECHE003,2737,Adeshiyan Okiki,Creche,Third Term,2025/2026,Basic Science,22,60,82,971,88.27,A,Excellent,Excellent performance this term. Keep up the strong commitment and continue striving for even greater achievement.
DKPSCRECHE003,2737,Adeshiyan Okiki,Creche,Third Term,2025/2026,Quantitative,28,60,88,971,88.27,A,Excellent,Excellent performance this term. Keep up the strong commitment and continue striving for even greater achievement.
DKPSCRECHE003,2737,Adeshiyan Okiki,Creche,Third Term,2025/2026,Verbal,30,60,90,971,88.27,A,Excellent,Excellent performance this term. Keep up the strong commitment and continue striving for even greater achievement.
DKPSCRECHE003,2737,Adeshiyan Okiki,Creche,Third Term,2025/2026,C.C.A,20,58,78,971,88.27,A,Excellent,Excellent performance this term. Keep up the strong commitment and continue striving for even greater achievement.
DKPSCRECHE003,2737,Adeshiyan Okiki,Creche,Third Term,2025/2026,C.R.S,40,54,94,971,88.27,A,Excellent,Excellent performance this term. Keep up the strong commitment and continue striving for even greater achievement.
DKPSCRECHE003,2737,Adeshiyan Okiki,Creche,Third Term,2025/2026,Civic,30,59,89,971,88.27,A,Excellent,Excellent performance this term. Keep up the strong commitment and continue striving for even greater achievement.
DKPSCRECHE003,2737,Adeshiyan Okiki,Creche,Third Term,2025/2026,Rhymes,30,50,80,971,88.27,A,Excellent,Excellent performance this term. Keep up the strong commitment and continue striving for even greater achievement.
DKPSCRECHE004,0001,Oyeniyi Faridat,Creche,Third Term,2025/2026,Letter Work,30,50,80,969,88.09,A,Excellent,Excellent performance this term. Keep up the strong commitment and continue striving for even greater achievement.
DKPSCRECHE004,0001,Oyeniyi Faridat,Creche,Third Term,2025/2026,Number Work,30,60,90,969,88.09,A,Excellent,Excellent performance this term. Keep up the strong commitment and continue striving for even greater achievement.
DKPSCRECHE004,0001,Oyeniyi Faridat,Creche,Third Term,2025/2026,Health Habit,24,60,84,969,88.09,A,Excellent,Excellent performance this term. Keep up the strong commitment and continue striving for even greater achievement.
DKPSCRECHE004,0001,Oyeniyi Faridat,Creche,Third Term,2025/2026,Social Habit,40,50,90,969,88.09,A,Excellent,Excellent performance this term. Keep up the strong commitment and continue striving for even greater achievement.
DKPSCRECHE004,0001,Oyeniyi Faridat,Creche,Third Term,2025/2026,Basic Science,28,60,88,969,88.09,A,Excellent,Excellent performance this term. Keep up the strong commitment and continue striving for even greater achievement.
DKPSCRECHE004,0001,Oyeniyi Faridat,Creche,Third Term,2025/2026,Quantitative,30,60,90,969,88.09,A,Excellent,Excellent performance this term. Keep up the strong commitment and continue striving for even greater achievement.
DKPSCRECHE004,0001,Oyeniyi Faridat,Creche,Third Term,2025/2026,Verbal,30,60,90,969,88.09,A,Excellent,Excellent performance this term. Keep up the strong commitment and continue striving for even greater achievement.
DKPSCRECHE004,0001,Oyeniyi Faridat,Creche,Third Term,2025/2026,C.C.A,24,58,82,969,88.09,A,Excellent,Excellent performance this term. Keep up the strong commitment and continue striving for even greater achievement.
DKPSCRECHE004,0001,Oyeniyi Faridat,Creche,Third Term,2025/2026,C.R.S,40,59,99,969,88.09,A,Excellent,Excellent performance this term. Keep up the strong commitment and continue striving for even greater achievement.
DKPSCRECHE004,0001,Oyeniyi Faridat,Creche,Third Term,2025/2026,Civic,30,60,90,969,88.09,A,Excellent,Excellent performance this term. Keep up the strong commitment and continue striving for even greater achievement.
DKPSCRECHE004,0001,Oyeniyi Faridat,Creche,Third Term,2025/2026,Rhymes,30,56,86,969,88.09,A,Excellent,Excellent performance this term. Keep up the strong commitment and continue striving for even greater achievement.
DKPSCRECHE005,0813,Adekanbi Ademide,Creche,Third Term,2025/2026,Letter Work,40,60,100,1002,91.09,A,Excellent,Excellent performance this term. Keep up the strong commitment and continue striving for even greater achievement.
DKPSCRECHE005,0813,Adekanbi Ademide,Creche,Third Term,2025/2026,Number Work,40,60,100,1002,91.09,A,Excellent,Excellent performance this term. Keep up the strong commitment and continue striving for even greater achievement.
DKPSCRECHE005,0813,Adekanbi Ademide,Creche,Third Term,2025/2026,Health Habit,30,60,90,1002,91.09,A,Excellent,Excellent performance this term. Keep up the strong commitment and continue striving for even greater achievement.
DKPSCRECHE005,0813,Adekanbi Ademide,Creche,Third Term,2025/2026,Social Habit,40,50,90,1002,91.09,A,Excellent,Excellent performance this term. Keep up the strong commitment and continue striving for even greater achievement.
DKPSCRECHE005,0813,Adekanbi Ademide,Creche,Third Term,2025/2026,Basic Science,30,58,88,1002,91.09,A,Excellent,Excellent performance this term. Keep up the strong commitment and continue striving for even greater achievement.
DKPSCRECHE005,0813,Adekanbi Ademide,Creche,Third Term,2025/2026,Quantitative,24,60,84,1002,91.09,A,Excellent,Excellent performance this term. Keep up the strong commitment and continue striving for even greater achievement.
DKPSCRECHE005,0813,Adekanbi Ademide,Creche,Third Term,2025/2026,Verbal,30,60,90,1002,91.09,A,Excellent,Excellent performance this term. Keep up the strong commitment and continue striving for even greater achievement.
DKPSCRECHE005,0813,Adekanbi Ademide,Creche,Third Term,2025/2026,C.C.A,22,60,82,1002,91.09,A,Excellent,Excellent performance this term. Keep up the strong commitment and continue striving for even greater achievement.
DKPSCRECHE005,0813,Adekanbi Ademide,Creche,Third Term,2025/2026,C.R.S,40,59,99,1002,91.09,A,Excellent,Excellent performance this term. Keep up the strong commitment and continue striving for even greater achievement.
DKPSCRECHE005,0813,Adekanbi Ademide,Creche,Third Term,2025/2026,Civic,30,59,89,1002,91.09,A,Excellent,Excellent performance this term. Keep up the strong commitment and continue striving for even greater achievement.
DKPSCRECHE005,0813,Adekanbi Ademide,Creche,Third Term,2025/2026,Rhymes,30,60,90,1002,91.09,A,Excellent,Excellent performance this term. Keep up the strong commitment and continue striving for even greater achievement.
DKPSCRECHE006,6000,Aliyu Aishat,Creche,Third Term,2025/2026,Letter Work,30,50,80,959,87.18,A,Excellent,Excellent performance this term. Keep up the strong commitment and continue striving for even greater achievement.
DKPSCRECHE006,6000,Aliyu Aishat,Creche,Third Term,2025/2026,Number Work,30,60,90,959,87.18,A,Excellent,Excellent performance this term. Keep up the strong commitment and continue striving for even greater achievement.
DKPSCRECHE006,6000,Aliyu Aishat,Creche,Third Term,2025/2026,Health Habit,32,60,92,959,87.18,A,Excellent,Excellent performance this term. Keep up the strong commitment and continue striving for even greater achievement.
DKPSCRECHE006,6000,Aliyu Aishat,Creche,Third Term,2025/2026,Social Habit,40,50,90,959,87.18,A,Excellent,Excellent performance this term. Keep up the strong commitment and continue striving for even greater achievement.
DKPSCRECHE006,6000,Aliyu Aishat,Creche,Third Term,2025/2026,Basic Science,34,52,86,959,87.18,A,Excellent,Excellent performance this term. Keep up the strong commitment and continue striving for even greater achievement.
DKPSCRECHE006,6000,Aliyu Aishat,Creche,Third Term,2025/2026,Quantitative,22,60,82,959,87.18,A,Excellent,Excellent performance this term. Keep up the strong commitment and continue striving for even greater achievement.
DKPSCRECHE006,6000,Aliyu Aishat,Creche,Third Term,2025/2026,Verbal,30,50,80,959,87.18,A,Excellent,Excellent performance this term. Keep up the strong commitment and continue striving for even greater achievement.
DKPSCRECHE006,6000,Aliyu Aishat,Creche,Third Term,2025/2026,C.C.A,26,60,86,959,87.18,A,Excellent,Excellent performance this term. Keep up the strong commitment and continue striving for even greater achievement.
DKPSCRECHE006,6000,Aliyu Aishat,Creche,Third Term,2025/2026,C.R.S,40,59,99,959,87.18,A,Excellent,Excellent performance this term. Keep up the strong commitment and continue striving for even greater achievement.
DKPSCRECHE006,6000,Aliyu Aishat,Creche,Third Term,2025/2026,Civic,30,54,84,959,87.18,A,Excellent,Excellent performance this term. Keep up the strong commitment and continue striving for even greater achievement.
DKPSCRECHE006,6000,Aliyu Aishat,Creche,Third Term,2025/2026,Rhymes,30,60,90,959,87.18,A,Excellent,Excellent performance this term. Keep up the strong commitment and continue striving for even greater achievement.
DKPSCRECHE007,0753,Adebayo David,Creche,Third Term,2025/2026,Letter Work,40,60,100,1023,93.0,A,Excellent,Excellent performance this term. Keep up the strong commitment and continue striving for even greater achievement.
DKPSCRECHE007,0753,Adebayo David,Creche,Third Term,2025/2026,Number Work,30,60,90,1023,93.0,A,Excellent,Excellent performance this term. Keep up the strong commitment and continue striving for even greater achievement.
DKPSCRECHE007,0753,Adebayo David,Creche,Third Term,2025/2026,Health Habit,36,60,96,1023,93.0,A,Excellent,Excellent performance this term. Keep up the strong commitment and continue striving for even greater achievement.
DKPSCRECHE007,0753,Adebayo David,Creche,Third Term,2025/2026,Social Habit,40,60,100,1023,93.0,A,Excellent,Excellent performance this term. Keep up the strong commitment and continue striving for even greater achievement.
DKPSCRECHE007,0753,Adebayo David,Creche,Third Term,2025/2026,Basic Science,36,60,96,1023,93.0,A,Excellent,Excellent performance this term. Keep up the strong commitment and continue striving for even greater achievement.
DKPSCRECHE007,0753,Adebayo David,Creche,Third Term,2025/2026,Quantitative,26,60,86,1023,93.0,A,Excellent,Excellent performance this term. Keep up the strong commitment and continue striving for even greater achievement.
DKPSCRECHE007,0753,Adebayo David,Creche,Third Term,2025/2026,Verbal,30,60,90,1023,93.0,A,Excellent,Excellent performance this term. Keep up the strong commitment and continue striving for even greater achievement.
DKPSCRECHE007,0753,Adebayo David,Creche,Third Term,2025/2026,C.C.A,28,60,88,1023,93.0,A,Excellent,Excellent performance this term. Keep up the strong commitment and continue striving for even greater achievement.
DKPSCRECHE007,0753,Adebayo David,Creche,Third Term,2025/2026,C.R.S,40,59,99,1023,93.0,A,Excellent,Excellent performance this term. Keep up the strong commitment and continue striving for even greater achievement.
DKPSCRECHE007,0753,Adebayo David,Creche,Third Term,2025/2026,Civic,30,58,88,1023,93.0,A,Excellent,Excellent performance this term. Keep up the strong commitment and continue striving for even greater achievement.
DKPSCRECHE007,0753,Adebayo David,Creche,Third Term,2025/2026,Rhymes,30,60,90,1023,93.0,A,Excellent,Excellent performance this term. Keep up the strong commitment and continue striving for even greater achievement.
DKPSCRECHE008,0285,Ismail Emmali,Creche,Third Term,2025/2026,Letter Work,40,60,100,1001,91.0,A,Excellent,Excellent performance this term. Keep up the strong commitment and continue striving for even greater achievement.
DKPSCRECHE008,0285,Ismail Emmali,Creche,Third Term,2025/2026,Number Work,30,60,90,1001,91.0,A,Excellent,Excellent performance this term. Keep up the strong commitment and continue striving for even greater achievement.
DKPSCRECHE008,0285,Ismail Emmali,Creche,Third Term,2025/2026,Health Habit,30,58,88,1001,91.0,A,Excellent,Excellent performance this term. Keep up the strong commitment and continue striving for even greater achievement.
DKPSCRECHE008,0285,Ismail Emmali,Creche,Third Term,2025/2026,Social Habit,40,50,90,1001,91.0,A,Excellent,Excellent performance this term. Keep up the strong commitment and continue striving for even greater achievement.
DKPSCRECHE008,0285,Ismail Emmali,Creche,Third Term,2025/2026,Basic Science,32,60,92,1001,91.0,A,Excellent,Excellent performance this term. Keep up the strong commitment and continue striving for even greater achievement.
DKPSCRECHE008,0285,Ismail Emmali,Creche,Third Term,2025/2026,Quantitative,30,60,90,1001,91.0,A,Excellent,Excellent performance this term. Keep up the strong commitment and continue striving for even greater achievement.
DKPSCRECHE008,0285,Ismail Emmali,Creche,Third Term,2025/2026,Verbal,32,60,92,1001,91.0,A,Excellent,Excellent performance this term. Keep up the strong commitment and continue striving for even greater achievement.
DKPSCRECHE008,0285,Ismail Emmali,Creche,Third Term,2025/2026,C.C.A,30,60,90,1001,91.0,A,Excellent,Excellent performance this term. Keep up the strong commitment and continue striving for even greater achievement.
DKPSCRECHE008,0285,Ismail Emmali,Creche,Third Term,2025/2026,C.R.S,32,59,91,1001,91.0,A,Excellent,Excellent performance this term. Keep up the strong commitment and continue striving for even greater achievement.
DKPSCRECHE008,0285,Ismail Emmali,Creche,Third Term,2025/2026,Civic,30,58,88,1001,91.0,A,Excellent,Excellent performance this term. Keep up the strong commitment and continue striving for even greater achievement.
DKPSCRECHE008,0285,Ismail Emmali,Creche,Third Term,2025/2026,Rhymes,30,60,90,1001,91.0,A,Excellent,Excellent performance this term. Keep up the strong commitment and continue striving for even greater achievement.
DKPSNUR1001,6815,Ikanolu Fatima,Nursery 1,Third Term,2025/2026,Letter Work,40,60,100,997,99.7,A,Excellent,Excellent performance this term. Keep up the strong commitment and continue striving for even greater achievement.
DKPSNUR1001,6815,Ikanolu Fatima,Nursery 1,Third Term,2025/2026,Number Work,40,60,100,997,99.7,A,Excellent,Excellent performance this term. Keep up the strong commitment and continue striving for even greater achievement.
DKPSNUR1001,6815,Ikanolu Fatima,Nursery 1,Third Term,2025/2026,Health Habit,40,60,100,997,99.7,A,Excellent,Excellent performance this term. Keep up the strong commitment and continue striving for even greater achievement.
DKPSNUR1001,6815,Ikanolu Fatima,Nursery 1,Third Term,2025/2026,Social Habit,40,58,98,997,99.7,A,Excellent,Excellent performance this term. Keep up the strong commitment and continue striving for even greater achievement.
DKPSNUR1001,6815,Ikanolu Fatima,Nursery 1,Third Term,2025/2026,Basic Science,40,60,100,997,99.7,A,Excellent,Excellent performance this term. Keep up the strong commitment and continue striving for even greater achievement.
DKPSNUR1001,6815,Ikanolu Fatima,Nursery 1,Third Term,2025/2026,Quantitative,40,60,100,997,99.7,A,Excellent,Excellent performance this term. Keep up the strong commitment and continue striving for even greater achievement.
DKPSNUR1001,6815,Ikanolu Fatima,Nursery 1,Third Term,2025/2026,Verbal,40,60,100,997,99.7,A,Excellent,Excellent performance this term. Keep up the strong commitment and continue striving for even greater achievement.
DKPSNUR1001,6815,Ikanolu Fatima,Nursery 1,Third Term,2025/2026,CCA,40,60,100,997,99.7,A,Excellent,Excellent performance this term. Keep up the strong commitment and continue striving for even greater achievement.
DKPSNUR1001,6815,Ikanolu Fatima,Nursery 1,Third Term,2025/2026,C.R.S,40,60,100,997,99.7,A,Excellent,Excellent performance this term. Keep up the strong commitment and continue striving for even greater achievement.
DKPSNUR1001,6815,Ikanolu Fatima,Nursery 1,Third Term,2025/2026,Civic,40,59,99,997,99.7,A,Excellent,Excellent performance this term. Keep up the strong commitment and continue striving for even greater achievement.
DKPSNUR1002,7454,Ismail Ibrahim,Nursery 1,Third Term,2025/2026,Letter Work,40,60,100,978,97.8,A,Excellent,Excellent performance this term. Keep up the strong commitment and continue striving for even greater achievement.
DKPSNUR1002,7454,Ismail Ibrahim,Nursery 1,Third Term,2025/2026,Number Work,40,60,100,978,97.8,A,Excellent,Excellent performance this term. Keep up the strong commitment and continue striving for even greater achievement.
DKPSNUR1002,7454,Ismail Ibrahim,Nursery 1,Third Term,2025/2026,Health Habit,40,60,100,978,97.8,A,Excellent,Excellent performance this term. Keep up the strong commitment and continue striving for even greater achievement.
DKPSNUR1002,7454,Ismail Ibrahim,Nursery 1,Third Term,2025/2026,Social Habit,40,60,100,978,97.8,A,Excellent,Excellent performance this term. Keep up the strong commitment and continue striving for even greater achievement.
DKPSNUR1002,7454,Ismail Ibrahim,Nursery 1,Third Term,2025/2026,Basic Science,40,60,100,978,97.8,A,Excellent,Excellent performance this term. Keep up the strong commitment and continue striving for even greater achievement.
DKPSNUR1002,7454,Ismail Ibrahim,Nursery 1,Third Term,2025/2026,Quantitative,40,60,100,978,97.8,A,Excellent,Excellent performance this term. Keep up the strong commitment and continue striving for even greater achievement.
DKPSNUR1002,7454,Ismail Ibrahim,Nursery 1,Third Term,2025/2026,Verbal,32,60,92,978,97.8,A,Excellent,Excellent performance this term. Keep up the strong commitment and continue striving for even greater achievement.
DKPSNUR1002,7454,Ismail Ibrahim,Nursery 1,Third Term,2025/2026,CCA,30,60,90,978,97.8,A,Excellent,Excellent performance this term. Keep up the strong commitment and continue striving for even greater achievement.
DKPSNUR1002,7454,Ismail Ibrahim,Nursery 1,Third Term,2025/2026,C.R.S,40,60,100,978,97.8,A,Excellent,Excellent performance this term. Keep up the strong commitment and continue striving for even greater achievement.
DKPSNUR1002,7454,Ismail Ibrahim,Nursery 1,Third Term,2025/2026,Civic,40,56,96,978,97.8,A,Excellent,Excellent performance this term. Keep up the strong commitment and continue striving for even greater achievement.
DKPSNUR1003,6521,Abubakar Nuru,Nursery 1,Third Term,2025/2026,Letter Work,30,57,87,923,92.3,A,Excellent,Excellent performance this term. Keep up the strong commitment and continue striving for even greater achievement.
DKPSNUR1003,6521,Abubakar Nuru,Nursery 1,Third Term,2025/2026,Number Work,20,55,75,923,92.3,A,Excellent,Excellent performance this term. Keep up the strong commitment and continue striving for even greater achievement.
DKPSNUR1003,6521,Abubakar Nuru,Nursery 1,Third Term,2025/2026,Health Habit,40,60,100,923,92.3,A,Excellent,Excellent performance this term. Keep up the strong commitment and continue striving for even greater achievement.
DKPSNUR1003,6521,Abubakar Nuru,Nursery 1,Third Term,2025/2026,Social Habit,40,58,98,923,92.3,A,Excellent,Excellent performance this term. Keep up the strong commitment and continue striving for even greater achievement.
DKPSNUR1003,6521,Abubakar Nuru,Nursery 1,Third Term,2025/2026,Basic Science,40,42,82,923,92.3,A,Excellent,Excellent performance this term. Keep up the strong commitment and continue striving for even greater achievement.
DKPSNUR1003,6521,Abubakar Nuru,Nursery 1,Third Term,2025/2026,Quantitative,40,60,100,923,92.3,A,Excellent,Excellent performance this term. Keep up the strong commitment and continue striving for even greater achievement.
DKPSNUR1003,6521,Abubakar Nuru,Nursery 1,Third Term,2025/2026,Verbal,36,60,96,923,92.3,A,Excellent,Excellent performance this term. Keep up the strong commitment and continue striving for even greater achievement.
DKPSNUR1003,6521,Abubakar Nuru,Nursery 1,Third Term,2025/2026,CCA,30,60,90,923,92.3,A,Excellent,Excellent performance this term. Keep up the strong commitment and continue striving for even greater achievement.
DKPSNUR1003,6521,Abubakar Nuru,Nursery 1,Third Term,2025/2026,C.R.S,40,56,96,923,92.3,A,Excellent,Excellent performance this term. Keep up the strong commitment and continue striving for even greater achievement.
DKPSNUR1003,6521,Abubakar Nuru,Nursery 1,Third Term,2025/2026,Civic,40,59,99,923,92.3,A,Excellent,Excellent performance this term. Keep up the strong commitment and continue striving for even greater achievement.
DKPSNUR1004,7105,Aliyu Bello,Nursery 1,Third Term,2025/2026,Letter Work,40,60,100,985,98.5,A,Excellent,Excellent performance this term. Keep up the strong commitment and continue striving for even greater achievement.
DKPSNUR1004,7105,Aliyu Bello,Nursery 1,Third Term,2025/2026,Number Work,40,60,100,985,98.5,A,Excellent,Excellent performance this term. Keep up the strong commitment and continue striving for even greater achievement.
DKPSNUR1004,7105,Aliyu Bello,Nursery 1,Third Term,2025/2026,Health Habit,40,60,100,985,98.5,A,Excellent,Excellent performance this term. Keep up the strong commitment and continue striving for even greater achievement.
DKPSNUR1004,7105,Aliyu Bello,Nursery 1,Third Term,2025/2026,Social Habit,40,59,99,985,98.5,A,Excellent,Excellent performance this term. Keep up the strong commitment and continue striving for even greater achievement.
DKPSNUR1004,7105,Aliyu Bello,Nursery 1,Third Term,2025/2026,Basic Science,40,59,99,985,98.5,A,Excellent,Excellent performance this term. Keep up the strong commitment and continue striving for even greater achievement.
DKPSNUR1004,7105,Aliyu Bello,Nursery 1,Third Term,2025/2026,Quantitative,38,60,98,985,98.5,A,Excellent,Excellent performance this term. Keep up the strong commitment and continue striving for even greater achievement.
DKPSNUR1004,7105,Aliyu Bello,Nursery 1,Third Term,2025/2026,Verbal,40,60,100,985,98.5,A,Excellent,Excellent performance this term. Keep up the strong commitment and continue striving for even greater achievement.
DKPSNUR1004,7105,Aliyu Bello,Nursery 1,Third Term,2025/2026,CCA,32,60,92,985,98.5,A,Excellent,Excellent performance this term. Keep up the strong commitment and continue striving for even greater achievement.
DKPSNUR1004,7105,Aliyu Bello,Nursery 1,Third Term,2025/2026,C.R.S,40,60,100,985,98.5,A,Excellent,Excellent performance this term. Keep up the strong commitment and continue striving for even greater achievement.
DKPSNUR1004,7105,Aliyu Bello,Nursery 1,Third Term,2025/2026,Civic,40,57,97,985,98.5,A,Excellent,Excellent performance this term. Keep up the strong commitment and continue striving for even greater achievement.
DKPSNUR1005,0100,Akinsola Shindara,Nursery 1,Third Term,2025/2026,Letter Work,32,60,92,962,96.2,A,Excellent,Excellent performance this term. Keep up the strong commitment and continue striving for even greater achievement.
DKPSNUR1005,0100,Akinsola Shindara,Nursery 1,Third Term,2025/2026,Number Work,30,60,90,962,96.2,A,Excellent,Excellent performance this term. Keep up the strong commitment and continue striving for even greater achievement.
DKPSNUR1005,0100,Akinsola Shindara,Nursery 1,Third Term,2025/2026,Health Habit,40,60,100,962,96.2,A,Excellent,Excellent performance this term. Keep up the strong commitment and continue striving for even greater achievement.
DKPSNUR1005,0100,Akinsola Shindara,Nursery 1,Third Term,2025/2026,Social Habit,40,59,99,962,96.2,A,Excellent,Excellent performance this term. Keep up the strong commitment and continue striving for even greater achievement.
DKPSNUR1005,0100,Akinsola Shindara,Nursery 1,Third Term,2025/2026,Basic Science,40,59,99,962,96.2,A,Excellent,Excellent performance this term. Keep up the strong commitment and continue striving for even greater achievement.
DKPSNUR1005,0100,Akinsola Shindara,Nursery 1,Third Term,2025/2026,Quantitative,32,60,92,962,96.2,A,Excellent,Excellent performance this term. Keep up the strong commitment and continue striving for even greater achievement.
DKPSNUR1005,0100,Akinsola Shindara,Nursery 1,Third Term,2025/2026,Verbal,40,60,100,962,96.2,A,Excellent,Excellent performance this term. Keep up the strong commitment and continue striving for even greater achievement.
DKPSNUR1005,0100,Akinsola Shindara,Nursery 1,Third Term,2025/2026,CCA,34,59,93,962,96.2,A,Excellent,Excellent performance this term. Keep up the strong commitment and continue striving for even greater achievement.
DKPSNUR1005,0100,Akinsola Shindara,Nursery 1,Third Term,2025/2026,C.R.S,40,60,100,962,96.2,A,Excellent,Excellent performance this term. Keep up the strong commitment and continue striving for even greater achievement.
DKPSNUR1005,0100,Akinsola Shindara,Nursery 1,Third Term,2025/2026,Civic,40,57,97,962,96.2,A,Excellent,Excellent performance this term. Keep up the strong commitment and continue striving for even greater achievement.
DKPSNUR1006,3898,Abdullahi Al-min,Nursery 1,Third Term,2025/2026,Letter Work,40,54,94,989,98.9,A,Excellent,Excellent performance this term. Keep up the strong commitment and continue striving for even greater achievement.
DKPSNUR1006,3898,Abdullahi Al-min,Nursery 1,Third Term,2025/2026,Number Work,40,60,100,989,98.9,A,Excellent,Excellent performance this term. Keep up the strong commitment and continue striving for even greater achievement.
DKPSNUR1006,3898,Abdullahi Al-min,Nursery 1,Third Term,2025/2026,Health Habit,40,60,100,989,98.9,A,Excellent,Excellent performance this term. Keep up the strong commitment and continue striving for even greater achievement.
DKPSNUR1006,3898,Abdullahi Al-min,Nursery 1,Third Term,2025/2026,Social Habit,40,58,98,989,98.9,A,Excellent,Excellent performance this term. Keep up the strong commitment and continue striving for even greater achievement.
DKPSNUR1006,3898,Abdullahi Al-min,Nursery 1,Third Term,2025/2026,Basic Science,40,59,99,989,98.9,A,Excellent,Excellent performance this term. Keep up the strong commitment and continue striving for even greater achievement.
DKPSNUR1006,3898,Abdullahi Al-min,Nursery 1,Third Term,2025/2026,Quantitative,40,60,100,989,98.9,A,Excellent,Excellent performance this term. Keep up the strong commitment and continue striving for even greater achievement.
DKPSNUR1006,3898,Abdullahi Al-min,Nursery 1,Third Term,2025/2026,Verbal,40,60,100,989,98.9,A,Excellent,Excellent performance this term. Keep up the strong commitment and continue striving for even greater achievement.
DKPSNUR1006,3898,Abdullahi Al-min,Nursery 1,Third Term,2025/2026,CCA,40,60,100,989,98.9,A,Excellent,Excellent performance this term. Keep up the strong commitment and continue striving for even greater achievement.
DKPSNUR1006,3898,Abdullahi Al-min,Nursery 1,Third Term,2025/2026,C.R.S,40,60,100,989,98.9,A,Excellent,Excellent performance this term. Keep up the strong commitment and continue striving for even greater achievement.
DKPSNUR1006,3898,Abdullahi Al-min,Nursery 1,Third Term,2025/2026,Civic,40,58,98,989,98.9,A,Excellent,Excellent performance this term. Keep up the strong commitment and continue striving for even greater achievement.
DKPSNUR1007,9214,Abdullahi Fatimo,Nursery 1,Third Term,2025/2026,Letter Work,36,60,96,969,96.9,A,Excellent,Excellent performance this term. Keep up the strong commitment and continue striving for even greater achievement.
DKPSNUR1007,9214,Abdullahi Fatimo,Nursery 1,Third Term,2025/2026,Number Work,30,60,90,969,96.9,A,Excellent,Excellent performance this term. Keep up the strong commitment and continue striving for even greater achievement.
DKPSNUR1007,9214,Abdullahi Fatimo,Nursery 1,Third Term,2025/2026,Health Habit,40,56,96,969,96.9,A,Excellent,Excellent performance this term. Keep up the strong commitment and continue striving for even greater achievement.
DKPSNUR1007,9214,Abdullahi Fatimo,Nursery 1,Third Term,2025/2026,Social Habit,40,58,98,969,96.9,A,Excellent,Excellent performance this term. Keep up the strong commitment and continue striving for even greater achievement.
DKPSNUR1007,9214,Abdullahi Fatimo,Nursery 1,Third Term,2025/2026,Basic Science,40,58,98,969,96.9,A,Excellent,Excellent performance this term. Keep up the strong commitment and continue striving for even greater achievement.
DKPSNUR1007,9214,Abdullahi Fatimo,Nursery 1,Third Term,2025/2026,Quantitative,40,60,100,969,96.9,A,Excellent,Excellent performance this term. Keep up the strong commitment and continue striving for even greater achievement.
DKPSNUR1007,9214,Abdullahi Fatimo,Nursery 1,Third Term,2025/2026,Verbal,40,58,98,969,96.9,A,Excellent,Excellent performance this term. Keep up the strong commitment and continue striving for even greater achievement.
DKPSNUR1007,9214,Abdullahi Fatimo,Nursery 1,Third Term,2025/2026,CCA,36,60,96,969,96.9,A,Excellent,Excellent performance this term. Keep up the strong commitment and continue striving for even greater achievement.
DKPSNUR1007,9214,Abdullahi Fatimo,Nursery 1,Third Term,2025/2026,C.R.S,40,60,100,969,96.9,A,Excellent,Excellent performance this term. Keep up the strong commitment and continue striving for even greater achievement.
DKPSNUR1007,9214,Abdullahi Fatimo,Nursery 1,Third Term,2025/2026,Civic,40,57,97,969,96.9,A,Excellent,Excellent performance this term. Keep up the strong commitment and continue striving for even greater achievement.
DKPSNUR1008,2472,Saminu Faziyat,Nursery 1,Third Term,2025/2026,Letter Work,34,58,92,959,95.9,A,Excellent,Excellent performance this term. Keep up the strong commitment and continue striving for even greater achievement.
DKPSNUR1008,2472,Saminu Faziyat,Nursery 1,Third Term,2025/2026,Number Work,30,53,83,959,95.9,A,Excellent,Excellent performance this term. Keep up the strong commitment and continue striving for even greater achievement.
DKPSNUR1008,2472,Saminu Faziyat,Nursery 1,Third Term,2025/2026,Health Habit,40,59,99,959,95.9,A,Excellent,Excellent performance this term. Keep up the strong commitment and continue striving for even greater achievement.
DKPSNUR1008,2472,Saminu Faziyat,Nursery 1,Third Term,2025/2026,Social Habit,40,59,99,959,95.9,A,Excellent,Excellent performance this term. Keep up the strong commitment and continue striving for even greater achievement.
DKPSNUR1008,2472,Saminu Faziyat,Nursery 1,Third Term,2025/2026,Basic Science,40,58,98,959,95.9,A,Excellent,Excellent performance this term. Keep up the strong commitment and continue striving for even greater achievement.
DKPSNUR1008,2472,Saminu Faziyat,Nursery 1,Third Term,2025/2026,Quantitative,40,60,100,959,95.9,A,Excellent,Excellent performance this term. Keep up the strong commitment and continue striving for even greater achievement.
DKPSNUR1008,2472,Saminu Faziyat,Nursery 1,Third Term,2025/2026,Verbal,40,59,99,959,95.9,A,Excellent,Excellent performance this term. Keep up the strong commitment and continue striving for even greater achievement.
DKPSNUR1008,2472,Saminu Faziyat,Nursery 1,Third Term,2025/2026,CCA,32,60,92,959,95.9,A,Excellent,Excellent performance this term. Keep up the strong commitment and continue striving for even greater achievement.
DKPSNUR1008,2472,Saminu Faziyat,Nursery 1,Third Term,2025/2026,C.R.S,40,58,98,959,95.9,A,Excellent,Excellent performance this term. Keep up the strong commitment and continue striving for even greater achievement.
DKPSNUR1008,2472,Saminu Faziyat,Nursery 1,Third Term,2025/2026,Civic,40,59,99,959,95.9,A,Excellent,Excellent performance this term. Keep up the strong commitment and continue striving for even greater achievement.
DKPSNUR1009,7834,Umar Khadijat,Nursery 1,Third Term,2025/2026,Letter Work,30,59,89,947,94.7,A,Excellent,Excellent performance this term. Keep up the strong commitment and continue striving for even greater achievement.
DKPSNUR1009,7834,Umar Khadijat,Nursery 1,Third Term,2025/2026,Number Work,20,60,80,947,94.7,A,Excellent,Excellent performance this term. Keep up the strong commitment and continue striving for even greater achievement.
DKPSNUR1009,7834,Umar Khadijat,Nursery 1,Third Term,2025/2026,Health Habit,40,60,100,947,94.7,A,Excellent,Excellent performance this term. Keep up the strong commitment and continue striving for even greater achievement.
DKPSNUR1009,7834,Umar Khadijat,Nursery 1,Third Term,2025/2026,Social Habit,30,60,90,947,94.7,A,Excellent,Excellent performance this term. Keep up the strong commitment and continue striving for even greater achievement.
DKPSNUR1009,7834,Umar Khadijat,Nursery 1,Third Term,2025/2026,Basic Science,40,60,100,947,94.7,A,Excellent,Excellent performance this term. Keep up the strong commitment and continue striving for even greater achievement.
DKPSNUR1009,7834,Umar Khadijat,Nursery 1,Third Term,2025/2026,Quantitative,40,60,100,947,94.7,A,Excellent,Excellent performance this term. Keep up the strong commitment and continue striving for even greater achievement.
DKPSNUR1009,7834,Umar Khadijat,Nursery 1,Third Term,2025/2026,Verbal,40,60,100,947,94.7,A,Excellent,Excellent performance this term. Keep up the strong commitment and continue striving for even greater achievement.
DKPSNUR1009,7834,Umar Khadijat,Nursery 1,Third Term,2025/2026,CCA,36,60,96,947,94.7,A,Excellent,Excellent performance this term. Keep up the strong commitment and continue striving for even greater achievement.
DKPSNUR1009,7834,Umar Khadijat,Nursery 1,Third Term,2025/2026,C.R.S,32,60,92,947,94.7,A,Excellent,Excellent performance this term. Keep up the strong commitment and continue striving for even greater achievement.
DKPSNUR1009,7834,Umar Khadijat,Nursery 1,Third Term,2025/2026,Civic,40,60,100,947,94.7,A,Excellent,Excellent performance this term. Keep up the strong commitment and continue striving for even greater achievement.
DKPSNUR2001,5699,Abdullahi Amir,Nursery 2,Third Term,2025/2026,English Language,36,31,67,649,72.11,A,Excellent,Excellent performance this term. Keep up the strong commitment and continue striving for even greater achievement.
DKPSNUR2001,5699,Abdullahi Amir,Nursery 2,Third Term,2025/2026,Mathematics,40,20,60,649,72.11,A,Excellent,Excellent performance this term. Keep up the strong commitment and continue striving for even greater achievement.
DKPSNUR2001,5699,Abdullahi Amir,Nursery 2,Third Term,2025/2026,Science,40,24,64,649,72.11,A,Excellent,Excellent performance this term. Keep up the strong commitment and continue striving for even greater achievement.
DKPSNUR2001,5699,Abdullahi Amir,Nursery 2,Third Term,2025/2026,PHE,36,60,96,649,72.11,A,Excellent,Excellent performance this term. Keep up the strong commitment and continue striving for even greater achievement.
DKPSNUR2001,5699,Abdullahi Amir,Nursery 2,Third Term,2025/2026,Digital Tech,28,39,67,649,72.11,A,Excellent,Excellent performance this term. Keep up the strong commitment and continue striving for even greater achievement.
DKPSNUR2001,5699,Abdullahi Amir,Nursery 2,Third Term,2025/2026,CRS,40,45,85,649,72.11,A,Excellent,Excellent performance this term. Keep up the strong commitment and continue striving for even greater achievement.
DKPSNUR2001,5699,Abdullahi Amir,Nursery 2,Third Term,2025/2026,CCA,30,20,50,649,72.11,A,Excellent,Excellent performance this term. Keep up the strong commitment and continue striving for even greater achievement.
DKPSNUR2001,5699,Abdullahi Amir,Nursery 2,Third Term,2025/2026,History,40,40,80,649,72.11,A,Excellent,Excellent performance this term. Keep up the strong commitment and continue striving for even greater achievement.
DKPSNUR2001,5699,Abdullahi Amir,Nursery 2,Third Term,2025/2026,Social Studies,40,40,80,649,72.11,A,Excellent,Excellent performance this term. Keep up the strong commitment and continue striving for even greater achievement.
DKPSNUR2002,0950,Ojewande Kayode,Nursery 2,Third Term,2025/2026,English Language,32,48,80,581,64.56,B,Very Good,Very good performance this term. Maintain your dedication to learning and continue working toward higher achievement.
DKPSNUR2002,0950,Ojewande Kayode,Nursery 2,Third Term,2025/2026,Mathematics,12,60,72,581,64.56,B,Very Good,Very good performance this term. Maintain your dedication to learning and continue working toward higher achievement.
DKPSNUR2002,0950,Ojewande Kayode,Nursery 2,Third Term,2025/2026,Science,32,28,60,581,64.56,B,Very Good,Very good performance this term. Maintain your dedication to learning and continue working toward higher achievement.
DKPSNUR2002,0950,Ojewande Kayode,Nursery 2,Third Term,2025/2026,PHE,20,20,40,581,64.56,B,Very Good,Very good performance this term. Maintain your dedication to learning and continue working toward higher achievement.
DKPSNUR2002,0950,Ojewande Kayode,Nursery 2,Third Term,2025/2026,Digital Tech,14,38,52,581,64.56,B,Very Good,Very good performance this term. Maintain your dedication to learning and continue working toward higher achievement.
DKPSNUR2002,0950,Ojewande Kayode,Nursery 2,Third Term,2025/2026,CRS,40,10,50,581,64.56,B,Very Good,Very good performance this term. Maintain your dedication to learning and continue working toward higher achievement.
DKPSNUR2002,0950,Ojewande Kayode,Nursery 2,Third Term,2025/2026,CCA,35,24,59,581,64.56,B,Very Good,Very good performance this term. Maintain your dedication to learning and continue working toward higher achievement.
DKPSNUR2002,0950,Ojewande Kayode,Nursery 2,Third Term,2025/2026,History,28,56,84,581,64.56,B,Very Good,Very good performance this term. Maintain your dedication to learning and continue working toward higher achievement.
DKPSNUR2002,0950,Ojewande Kayode,Nursery 2,Third Term,2025/2026,Social Studies,28,56,84,581,64.56,B,Very Good,Very good performance this term. Maintain your dedication to learning and continue working toward higher achievement.
DKPSNUR2003,1841,Idris Fatima,Nursery 2,Third Term,2025/2026,English Language,40,20,60,536,59.56,C,Good,"Good performance this term. With greater consistency and focused effort, you can make even stronger progress next term."
DKPSNUR2003,1841,Idris Fatima,Nursery 2,Third Term,2025/2026,Mathematics,24,20,44,536,59.56,C,Good,"Good performance this term. With greater consistency and focused effort, you can make even stronger progress next term."
DKPSNUR2003,1841,Idris Fatima,Nursery 2,Third Term,2025/2026,Science,12,29,41,536,59.56,C,Good,"Good performance this term. With greater consistency and focused effort, you can make even stronger progress next term."
DKPSNUR2003,1841,Idris Fatima,Nursery 2,Third Term,2025/2026,PHE,18,52,70,536,59.56,C,Good,"Good performance this term. With greater consistency and focused effort, you can make even stronger progress next term."
DKPSNUR2003,1841,Idris Fatima,Nursery 2,Third Term,2025/2026,Digital Tech,20,39,59,536,59.56,C,Good,"Good performance this term. With greater consistency and focused effort, you can make even stronger progress next term."
DKPSNUR2003,1841,Idris Fatima,Nursery 2,Third Term,2025/2026,CRS,12,45,57,536,59.56,C,Good,"Good performance this term. With greater consistency and focused effort, you can make even stronger progress next term."
DKPSNUR2003,1841,Idris Fatima,Nursery 2,Third Term,2025/2026,CCA,32,21,53,536,59.56,C,Good,"Good performance this term. With greater consistency and focused effort, you can make even stronger progress next term."
DKPSNUR2003,1841,Idris Fatima,Nursery 2,Third Term,2025/2026,History,32,44,76,536,59.56,C,Good,"Good performance this term. With greater consistency and focused effort, you can make even stronger progress next term."
DKPSNUR2003,1841,Idris Fatima,Nursery 2,Third Term,2025/2026,Social Studies,32,44,76,536,59.56,C,Good,"Good performance this term. With greater consistency and focused effort, you can make even stronger progress next term."
DKPSNUR2004,7503,Ismail Aishat,Nursery 2,Third Term,2025/2026,English Language,40,30,70,608,67.56,B,Very Good,Very good performance this term. Maintain your dedication to learning and continue working toward higher achievement.
DKPSNUR2004,7503,Ismail Aishat,Nursery 2,Third Term,2025/2026,Mathematics,8,60,68,608,67.56,B,Very Good,Very good performance this term. Maintain your dedication to learning and continue working toward higher achievement.
DKPSNUR2004,7503,Ismail Aishat,Nursery 2,Third Term,2025/2026,Science,28,48,76,608,67.56,B,Very Good,Very good performance this term. Maintain your dedication to learning and continue working toward higher achievement.
DKPSNUR2004,7503,Ismail Aishat,Nursery 2,Third Term,2025/2026,PHE,16,60,76,608,67.56,B,Very Good,Very good performance this term. Maintain your dedication to learning and continue working toward higher achievement.
DKPSNUR2004,7503,Ismail Aishat,Nursery 2,Third Term,2025/2026,Digital Tech,16,48,64,608,67.56,B,Very Good,Very good performance this term. Maintain your dedication to learning and continue working toward higher achievement.
DKPSNUR2004,7503,Ismail Aishat,Nursery 2,Third Term,2025/2026,CRS,32,36,68,608,67.56,B,Very Good,Very good performance this term. Maintain your dedication to learning and continue working toward higher achievement.
DKPSNUR2004,7503,Ismail Aishat,Nursery 2,Third Term,2025/2026,CCA,33,33,66,608,67.56,B,Very Good,Very good performance this term. Maintain your dedication to learning and continue working toward higher achievement.
DKPSNUR2004,7503,Ismail Aishat,Nursery 2,Third Term,2025/2026,History,16,44,60,608,67.56,B,Very Good,Very good performance this term. Maintain your dedication to learning and continue working toward higher achievement.
DKPSNUR2004,7503,Ismail Aishat,Nursery 2,Third Term,2025/2026,Social Studies,16,44,60,608,67.56,B,Very Good,Very good performance this term. Maintain your dedication to learning and continue working toward higher achievement.
DKPSNUR2005,0939,Kazeem Anifat,Nursery 2,Third Term,2025/2026,English Language,32,56,88,700,77.78,A,Excellent,Excellent performance this term. Keep up the strong commitment and continue striving for even greater achievement.
DKPSNUR2005,0939,Kazeem Anifat,Nursery 2,Third Term,2025/2026,Mathematics,20,60,80,700,77.78,A,Excellent,Excellent performance this term. Keep up the strong commitment and continue striving for even greater achievement.
DKPSNUR2005,0939,Kazeem Anifat,Nursery 2,Third Term,2025/2026,Science,32,54,86,700,77.78,A,Excellent,Excellent performance this term. Keep up the strong commitment and continue striving for even greater achievement.
DKPSNUR2005,0939,Kazeem Anifat,Nursery 2,Third Term,2025/2026,PHE,24,60,84,700,77.78,A,Excellent,Excellent performance this term. Keep up the strong commitment and continue striving for even greater achievement.
DKPSNUR2005,0939,Kazeem Anifat,Nursery 2,Third Term,2025/2026,Digital Tech,18,54,72,700,77.78,A,Excellent,Excellent performance this term. Keep up the strong commitment and continue striving for even greater achievement.
DKPSNUR2005,0939,Kazeem Anifat,Nursery 2,Third Term,2025/2026,CRS,40,42,82,700,77.78,A,Excellent,Excellent performance this term. Keep up the strong commitment and continue striving for even greater achievement.
DKPSNUR2005,0939,Kazeem Anifat,Nursery 2,Third Term,2025/2026,CCA,36,36,72,700,77.78,A,Excellent,Excellent performance this term. Keep up the strong commitment and continue striving for even greater achievement.
DKPSNUR2005,0939,Kazeem Anifat,Nursery 2,Third Term,2025/2026,History,12,56,68,700,77.78,A,Excellent,Excellent performance this term. Keep up the strong commitment and continue striving for even greater achievement.
DKPSNUR2005,0939,Kazeem Anifat,Nursery 2,Third Term,2025/2026,Social Studies,12,56,68,700,77.78,A,Excellent,Excellent performance this term. Keep up the strong commitment and continue striving for even greater achievement.
DKPSNUR2006,4189,Aliyu Usman,Nursery 2,Third Term,2025/2026,English Language,40,34,74,597,66.33,B,Very Good,Very good performance this term. Maintain your dedication to learning and continue working toward higher achievement.
DKPSNUR2006,4189,Aliyu Usman,Nursery 2,Third Term,2025/2026,Mathematics,28,60,88,597,66.33,B,Very Good,Very good performance this term. Maintain your dedication to learning and continue working toward higher achievement.
DKPSNUR2006,4189,Aliyu Usman,Nursery 2,Third Term,2025/2026,Science,36,20,56,597,66.33,B,Very Good,Very good performance this term. Maintain your dedication to learning and continue working toward higher achievement.
DKPSNUR2006,4189,Aliyu Usman,Nursery 2,Third Term,2025/2026,PHE,28,60,88,597,66.33,B,Very Good,Very good performance this term. Maintain your dedication to learning and continue working toward higher achievement.
DKPSNUR2006,4189,Aliyu Usman,Nursery 2,Third Term,2025/2026,Digital Tech,18,30,48,597,66.33,B,Very Good,Very good performance this term. Maintain your dedication to learning and continue working toward higher achievement.
DKPSNUR2006,4189,Aliyu Usman,Nursery 2,Third Term,2025/2026,CRS,12,36,48,597,66.33,B,Very Good,Very good performance this term. Maintain your dedication to learning and continue working toward higher achievement.
DKPSNUR2006,4189,Aliyu Usman,Nursery 2,Third Term,2025/2026,CCA,35,24,59,597,66.33,B,Very Good,Very good performance this term. Maintain your dedication to learning and continue working toward higher achievement.
DKPSNUR2006,4189,Aliyu Usman,Nursery 2,Third Term,2025/2026,History,24,44,68,597,66.33,B,Very Good,Very good performance this term. Maintain your dedication to learning and continue working toward higher achievement.
DKPSNUR2006,4189,Aliyu Usman,Nursery 2,Third Term,2025/2026,Social Studies,24,44,68,597,66.33,B,Very Good,Very good performance this term. Maintain your dedication to learning and continue working toward higher achievement.
DKPSNUR2007,2368,Umar Lele,Nursery 2,Third Term,2025/2026,English Language,10,20,30,456,50.67,C,Good,"Good performance this term. With greater consistency and focused effort, you can make even stronger progress next term."
DKPSNUR2007,2368,Umar Lele,Nursery 2,Third Term,2025/2026,Mathematics,10,60,70,456,50.67,C,Good,"Good performance this term. With greater consistency and focused effort, you can make even stronger progress next term."
DKPSNUR2007,2368,Umar Lele,Nursery 2,Third Term,2025/2026,Science,10,26,36,456,50.67,C,Good,"Good performance this term. With greater consistency and focused effort, you can make even stronger progress next term."
DKPSNUR2007,2368,Umar Lele,Nursery 2,Third Term,2025/2026,PHE,10,60,70,456,50.67,C,Good,"Good performance this term. With greater consistency and focused effort, you can make even stronger progress next term."
DKPSNUR2007,2368,Umar Lele,Nursery 2,Third Term,2025/2026,Digital Tech,20,36,56,456,50.67,C,Good,"Good performance this term. With greater consistency and focused effort, you can make even stronger progress next term."
DKPSNUR2007,2368,Umar Lele,Nursery 2,Third Term,2025/2026,CRS,10,42,52,456,50.67,C,Good,"Good performance this term. With greater consistency and focused effort, you can make even stronger progress next term."
DKPSNUR2007,2368,Umar Lele,Nursery 2,Third Term,2025/2026,CCA,10,16,26,456,50.67,C,Good,"Good performance this term. With greater consistency and focused effort, you can make even stronger progress next term."
DKPSNUR2007,2368,Umar Lele,Nursery 2,Third Term,2025/2026,History,10,48,58,456,50.67,C,Good,"Good performance this term. With greater consistency and focused effort, you can make even stronger progress next term."
DKPSNUR2007,2368,Umar Lele,Nursery 2,Third Term,2025/2026,Social Studies,10,48,58,456,50.67,C,Good,"Good performance this term. With greater consistency and focused effort, you can make even stronger progress next term."
DKPSPRY1001,3025,Afolabi Iremide,Basic 1,Third Term,2025/2026,English Language,20,43,63,692,69.2,B,Very Good,Very good performance this term. Maintain your dedication to learning and continue working toward higher achievement.
DKPSPRY1001,3025,Afolabi Iremide,Basic 1,Third Term,2025/2026,Mathematics,28,51,79,692,69.2,B,Very Good,Very good performance this term. Maintain your dedication to learning and continue working toward higher achievement.
DKPSPRY1001,3025,Afolabi Iremide,Basic 1,Third Term,2025/2026,Basic Science,28,45,73,692,69.2,B,Very Good,Very good performance this term. Maintain your dedication to learning and continue working toward higher achievement.
DKPSPRY1001,3025,Afolabi Iremide,Basic 1,Third Term,2025/2026,P.H.E,32,45,77,692,69.2,B,Very Good,Very good performance this term. Maintain your dedication to learning and continue working toward higher achievement.
DKPSPRY1001,3025,Afolabi Iremide,Basic 1,Third Term,2025/2026,Digital Technology,16,45,61,692,69.2,B,Very Good,Very good performance this term. Maintain your dedication to learning and continue working toward higher achievement.
DKPSPRY1001,3025,Afolabi Iremide,Basic 1,Third Term,2025/2026,C.R.S,24,33,57,692,69.2,B,Very Good,Very good performance this term. Maintain your dedication to learning and continue working toward higher achievement.
DKPSPRY1001,3025,Afolabi Iremide,Basic 1,Third Term,2025/2026,C.C.A,40,30,70,692,69.2,B,Very Good,Very good performance this term. Maintain your dedication to learning and continue working toward higher achievement.
DKPSPRY1001,3025,Afolabi Iremide,Basic 1,Third Term,2025/2026,History,40,34,74,692,69.2,B,Very Good,Very good performance this term. Maintain your dedication to learning and continue working toward higher achievement.
DKPSPRY1001,3025,Afolabi Iremide,Basic 1,Third Term,2025/2026,Social Studies,20,34,54,692,69.2,B,Very Good,Very good performance this term. Maintain your dedication to learning and continue working toward higher achievement.
DKPSPRY1001,3025,Afolabi Iremide,Basic 1,Third Term,2025/2026,Yoruba,40,44,84,692,69.2,B,Very Good,Very good performance this term. Maintain your dedication to learning and continue working toward higher achievement.
DKPSPRY1002,3629,Adebayo Daniel,Basic 1,Third Term,2025/2026,English Language,36,34,70,694,69.4,B,Very Good,Very good performance this term. Maintain your dedication to learning and continue working toward higher achievement.
DKPSPRY1002,3629,Adebayo Daniel,Basic 1,Third Term,2025/2026,Mathematics,36,45,81,694,69.4,B,Very Good,Very good performance this term. Maintain your dedication to learning and continue working toward higher achievement.
DKPSPRY1002,3629,Adebayo Daniel,Basic 1,Third Term,2025/2026,Basic Science,40,39,79,694,69.4,B,Very Good,Very good performance this term. Maintain your dedication to learning and continue working toward higher achievement.
DKPSPRY1002,3629,Adebayo Daniel,Basic 1,Third Term,2025/2026,P.H.E,24,39,63,694,69.4,B,Very Good,Very good performance this term. Maintain your dedication to learning and continue working toward higher achievement.
DKPSPRY1002,3629,Adebayo Daniel,Basic 1,Third Term,2025/2026,Digital Technology,28,39,67,694,69.4,B,Very Good,Very good performance this term. Maintain your dedication to learning and continue working toward higher achievement.
DKPSPRY1002,3629,Adebayo Daniel,Basic 1,Third Term,2025/2026,C.R.S,40,25,65,694,69.4,B,Very Good,Very good performance this term. Maintain your dedication to learning and continue working toward higher achievement.
DKPSPRY1002,3629,Adebayo Daniel,Basic 1,Third Term,2025/2026,C.C.A,40,28,68,694,69.4,B,Very Good,Very good performance this term. Maintain your dedication to learning and continue working toward higher achievement.
DKPSPRY1002,3629,Adebayo Daniel,Basic 1,Third Term,2025/2026,History,40,25,65,694,69.4,B,Very Good,Very good performance this term. Maintain your dedication to learning and continue working toward higher achievement.
DKPSPRY1002,3629,Adebayo Daniel,Basic 1,Third Term,2025/2026,Social Studies,28,28,56,694,69.4,B,Very Good,Very good performance this term. Maintain your dedication to learning and continue working toward higher achievement.
DKPSPRY1002,3629,Adebayo Daniel,Basic 1,Third Term,2025/2026,Yoruba,40,40,80,694,69.4,B,Very Good,Very good performance this term. Maintain your dedication to learning and continue working toward higher achievement.
DKPSPRY1003,3768,Adeshiyan Desire,Basic 1,Third Term,2025/2026,English Language,22,31,53,630,63.0,B,Very Good,Very good performance this term. Maintain your dedication to learning and continue working toward higher achievement.
DKPSPRY1003,3768,Adeshiyan Desire,Basic 1,Third Term,2025/2026,Mathematics,36,20,56,630,63.0,B,Very Good,Very good performance this term. Maintain your dedication to learning and continue working toward higher achievement.
DKPSPRY1003,3768,Adeshiyan Desire,Basic 1,Third Term,2025/2026,Basic Science,28,36,64,630,63.0,B,Very Good,Very good performance this term. Maintain your dedication to learning and continue working toward higher achievement.
DKPSPRY1003,3768,Adeshiyan Desire,Basic 1,Third Term,2025/2026,P.H.E,32,36,68,630,63.0,B,Very Good,Very good performance this term. Maintain your dedication to learning and continue working toward higher achievement.
DKPSPRY1003,3768,Adeshiyan Desire,Basic 1,Third Term,2025/2026,Digital Technology,16,36,52,630,63.0,B,Very Good,Very good performance this term. Maintain your dedication to learning and continue working toward higher achievement.
DKPSPRY1003,3768,Adeshiyan Desire,Basic 1,Third Term,2025/2026,C.R.S,28,28,56,630,63.0,B,Very Good,Very good performance this term. Maintain your dedication to learning and continue working toward higher achievement.
DKPSPRY1003,3768,Adeshiyan Desire,Basic 1,Third Term,2025/2026,C.C.A,40,27,67,630,63.0,B,Very Good,Very good performance this term. Maintain your dedication to learning and continue working toward higher achievement.
DKPSPRY1003,3768,Adeshiyan Desire,Basic 1,Third Term,2025/2026,History,40,31,71,630,63.0,B,Very Good,Very good performance this term. Maintain your dedication to learning and continue working toward higher achievement.
DKPSPRY1003,3768,Adeshiyan Desire,Basic 1,Third Term,2025/2026,Social Studies,24,31,55,630,63.0,B,Very Good,Very good performance this term. Maintain your dedication to learning and continue working toward higher achievement.
DKPSPRY1003,3768,Adeshiyan Desire,Basic 1,Third Term,2025/2026,Yoruba,40,48,88,630,63.0,B,Very Good,Very good performance this term. Maintain your dedication to learning and continue working toward higher achievement.
DKPSPRY1004,7737,Muhammed Muhammed,Basic 1,Third Term,2025/2026,English Language,26,32,58,681,68.1,B,Very Good,Very good performance this term. Maintain your dedication to learning and continue working toward higher achievement.
DKPSPRY1004,7737,Muhammed Muhammed,Basic 1,Third Term,2025/2026,Mathematics,36,45,81,681,68.1,B,Very Good,Very good performance this term. Maintain your dedication to learning and continue working toward higher achievement.
DKPSPRY1004,7737,Muhammed Muhammed,Basic 1,Third Term,2025/2026,Basic Science,32,40,72,681,68.1,B,Very Good,Very good performance this term. Maintain your dedication to learning and continue working toward higher achievement.
DKPSPRY1004,7737,Muhammed Muhammed,Basic 1,Third Term,2025/2026,P.H.E,28,40,68,681,68.1,B,Very Good,Very good performance this term. Maintain your dedication to learning and continue working toward higher achievement.
DKPSPRY1004,7737,Muhammed Muhammed,Basic 1,Third Term,2025/2026,Digital Technology,24,40,64,681,68.1,B,Very Good,Very good performance this term. Maintain your dedication to learning and continue working toward higher achievement.
DKPSPRY1004,7737,Muhammed Muhammed,Basic 1,Third Term,2025/2026,C.R.S,24,34,58,681,68.1,B,Very Good,Very good performance this term. Maintain your dedication to learning and continue working toward higher achievement.
DKPSPRY1004,7737,Muhammed Muhammed,Basic 1,Third Term,2025/2026,C.C.A,40,30,70,681,68.1,B,Very Good,Very good performance this term. Maintain your dedication to learning and continue working toward higher achievement.
DKPSPRY1004,7737,Muhammed Muhammed,Basic 1,Third Term,2025/2026,History,40,37,77,681,68.1,B,Very Good,Very good performance this term. Maintain your dedication to learning and continue working toward higher achievement.
DKPSPRY1004,7737,Muhammed Muhammed,Basic 1,Third Term,2025/2026,Social Studies,12,37,49,681,68.1,B,Very Good,Very good performance this term. Maintain your dedication to learning and continue working toward higher achievement.
DKPSPRY1004,7737,Muhammed Muhammed,Basic 1,Third Term,2025/2026,Yoruba,40,44,84,681,68.1,B,Very Good,Very good performance this term. Maintain your dedication to learning and continue working toward higher achievement.
DKPSPRY1005,4742,Umar Usman,Basic 1,Third Term,2025/2026,English Language,40,28,68,774,77.4,A,Excellent,Excellent performance this term. Keep up the strong commitment and continue striving for even greater achievement.
DKPSPRY1005,4742,Umar Usman,Basic 1,Third Term,2025/2026,Mathematics,40,51,91,774,77.4,A,Excellent,Excellent performance this term. Keep up the strong commitment and continue striving for even greater achievement.
DKPSPRY1005,4742,Umar Usman,Basic 1,Third Term,2025/2026,Basic Science,32,42,74,774,77.4,A,Excellent,Excellent performance this term. Keep up the strong commitment and continue striving for even greater achievement.
DKPSPRY1005,4742,Umar Usman,Basic 1,Third Term,2025/2026,P.H.E,36,42,78,774,77.4,A,Excellent,Excellent performance this term. Keep up the strong commitment and continue striving for even greater achievement.
DKPSPRY1005,4742,Umar Usman,Basic 1,Third Term,2025/2026,Digital Technology,40,42,82,774,77.4,A,Excellent,Excellent performance this term. Keep up the strong commitment and continue striving for even greater achievement.
DKPSPRY1005,4742,Umar Usman,Basic 1,Third Term,2025/2026,C.R.S,36,37,73,774,77.4,A,Excellent,Excellent performance this term. Keep up the strong commitment and continue striving for even greater achievement.
DKPSPRY1005,4742,Umar Usman,Basic 1,Third Term,2025/2026,C.C.A,40,30,70,774,77.4,A,Excellent,Excellent performance this term. Keep up the strong commitment and continue striving for even greater achievement.
DKPSPRY1005,4742,Umar Usman,Basic 1,Third Term,2025/2026,History,40,37,77,774,77.4,A,Excellent,Excellent performance this term. Keep up the strong commitment and continue striving for even greater achievement.
DKPSPRY1005,4742,Umar Usman,Basic 1,Third Term,2025/2026,Social Studies,40,37,77,774,77.4,A,Excellent,Excellent performance this term. Keep up the strong commitment and continue striving for even greater achievement.
DKPSPRY1005,4742,Umar Usman,Basic 1,Third Term,2025/2026,Yoruba,40,44,84,774,77.4,A,Excellent,Excellent performance this term. Keep up the strong commitment and continue striving for even greater achievement.
DKPSPRY1006,4466,Ojewande Ayomide,Basic 1,Third Term,2025/2026,English Language,22,34,56,634,63.4,B,Very Good,Very good performance this term. Maintain your dedication to learning and continue working toward higher achievement.
DKPSPRY1006,4466,Ojewande Ayomide,Basic 1,Third Term,2025/2026,Mathematics,24,36,60,634,63.4,B,Very Good,Very good performance this term. Maintain your dedication to learning and continue working toward higher achievement.
DKPSPRY1006,4466,Ojewande Ayomide,Basic 1,Third Term,2025/2026,Basic Science,28,49,77,634,63.4,B,Very Good,Very good performance this term. Maintain your dedication to learning and continue working toward higher achievement.
DKPSPRY1006,4466,Ojewande Ayomide,Basic 1,Third Term,2025/2026,P.H.E,25,49,74,634,63.4,B,Very Good,Very good performance this term. Maintain your dedication to learning and continue working toward higher achievement.
DKPSPRY1006,4466,Ojewande Ayomide,Basic 1,Third Term,2025/2026,Digital Technology,36,49,85,634,63.4,B,Very Good,Very good performance this term. Maintain your dedication to learning and continue working toward higher achievement.
DKPSPRY1006,4466,Ojewande Ayomide,Basic 1,Third Term,2025/2026,C.R.S,36,20,56,634,63.4,B,Very Good,Very good performance this term. Maintain your dedication to learning and continue working toward higher achievement.
DKPSPRY1006,4466,Ojewande Ayomide,Basic 1,Third Term,2025/2026,C.C.A,40,20,60,634,63.4,B,Very Good,Very good performance this term. Maintain your dedication to learning and continue working toward higher achievement.
DKPSPRY1006,4466,Ojewande Ayomide,Basic 1,Third Term,2025/2026,History,32,20,52,634,63.4,B,Very Good,Very good performance this term. Maintain your dedication to learning and continue working toward higher achievement.
DKPSPRY1006,4466,Ojewande Ayomide,Basic 1,Third Term,2025/2026,Social Studies,25,37,62,634,63.4,B,Very Good,Very good performance this term. Maintain your dedication to learning and continue working toward higher achievement.
DKPSPRY1006,4466,Ojewande Ayomide,Basic 1,Third Term,2025/2026,Yoruba,40,12,52,634,63.4,B,Very Good,Very good performance this term. Maintain your dedication to learning and continue working toward higher achievement.
DKPSPRY1007,1236,Odubayo Moyin,Basic 1,Third Term,2025/2026,English Language,10,24,34,506,50.6,C,Good,"Good performance this term. With greater consistency and focused effort, you can make even stronger progress next term."
DKPSPRY1007,1236,Odubayo Moyin,Basic 1,Third Term,2025/2026,Mathematics,10,20,30,506,50.6,C,Good,"Good performance this term. With greater consistency and focused effort, you can make even stronger progress next term."
DKPSPRY1007,1236,Odubayo Moyin,Basic 1,Third Term,2025/2026,Basic Science,10,45,55,506,50.6,C,Good,"Good performance this term. With greater consistency and focused effort, you can make even stronger progress next term."
DKPSPRY1007,1236,Odubayo Moyin,Basic 1,Third Term,2025/2026,P.H.E,10,45,55,506,50.6,C,Good,"Good performance this term. With greater consistency and focused effort, you can make even stronger progress next term."
DKPSPRY1007,1236,Odubayo Moyin,Basic 1,Third Term,2025/2026,Digital Technology,10,45,55,506,50.6,C,Good,"Good performance this term. With greater consistency and focused effort, you can make even stronger progress next term."
DKPSPRY1007,1236,Odubayo Moyin,Basic 1,Third Term,2025/2026,C.R.S,10,41,51,506,50.6,C,Good,"Good performance this term. With greater consistency and focused effort, you can make even stronger progress next term."
DKPSPRY1007,1236,Odubayo Moyin,Basic 1,Third Term,2025/2026,C.C.A,10,24,34,506,50.6,C,Good,"Good performance this term. With greater consistency and focused effort, you can make even stronger progress next term."
DKPSPRY1007,1236,Odubayo Moyin,Basic 1,Third Term,2025/2026,History,10,46,56,506,50.6,C,Good,"Good performance this term. With greater consistency and focused effort, you can make even stronger progress next term."
DKPSPRY1007,1236,Odubayo Moyin,Basic 1,Third Term,2025/2026,Social Studies,10,46,56,506,50.6,C,Good,"Good performance this term. With greater consistency and focused effort, you can make even stronger progress next term."
DKPSPRY1007,1236,Odubayo Moyin,Basic 1,Third Term,2025/2026,Yoruba,40,40,80,506,50.6,C,Good,"Good performance this term. With greater consistency and focused effort, you can make even stronger progress next term."
DKPSPRY2001,7382,Ajagbe Amidat,Basic 2,Third Term,2025/2026,English Language,10,48,58,682,68.2,B,Very Good,Very good performance this term. Maintain your dedication to learning and continue working toward higher achievement.
DKPSPRY2001,7382,Ajagbe Amidat,Basic 2,Third Term,2025/2026,Mathematics,32,28,60,682,68.2,B,Very Good,Very good performance this term. Maintain your dedication to learning and continue working toward higher achievement.
DKPSPRY2001,7382,Ajagbe Amidat,Basic 2,Third Term,2025/2026,Basic Science,32,40,72,682,68.2,B,Very Good,Very good performance this term. Maintain your dedication to learning and continue working toward higher achievement.
DKPSPRY2001,7382,Ajagbe Amidat,Basic 2,Third Term,2025/2026,P.H.E,24,40,64,682,68.2,B,Very Good,Very good performance this term. Maintain your dedication to learning and continue working toward higher achievement.
DKPSPRY2001,7382,Ajagbe Amidat,Basic 2,Third Term,2025/2026,Digital Technology,16,40,56,682,68.2,B,Very Good,Very good performance this term. Maintain your dedication to learning and continue working toward higher achievement.
DKPSPRY2001,7382,Ajagbe Amidat,Basic 2,Third Term,2025/2026,C.R.S,36,32,68,682,68.2,B,Very Good,Very good performance this term. Maintain your dedication to learning and continue working toward higher achievement.
DKPSPRY2001,7382,Ajagbe Amidat,Basic 2,Third Term,2025/2026,C.C.A,36,40,76,682,68.2,B,Very Good,Very good performance this term. Maintain your dedication to learning and continue working toward higher achievement.
DKPSPRY2001,7382,Ajagbe Amidat,Basic 2,Third Term,2025/2026,History,16,42,58,682,68.2,B,Very Good,Very good performance this term. Maintain your dedication to learning and continue working toward higher achievement.
DKPSPRY2001,7382,Ajagbe Amidat,Basic 2,Third Term,2025/2026,Social Studies,32,42,74,682,68.2,B,Very Good,Very good performance this term. Maintain your dedication to learning and continue working toward higher achievement.
DKPSPRY2001,7382,Ajagbe Amidat,Basic 2,Third Term,2025/2026,Yoruba,40,56,96,682,68.2,B,Very Good,Very good performance this term. Maintain your dedication to learning and continue working toward higher achievement.
DKPSPRY2002,5884,Atiogbe Okiki,Basic 2,Third Term,2025/2026,English Language,16,50,66,684,68.4,B,Very Good,Very good performance this term. Maintain your dedication to learning and continue working toward higher achievement.
DKPSPRY2002,5884,Atiogbe Okiki,Basic 2,Third Term,2025/2026,Mathematics,16,31,47,684,68.4,B,Very Good,Very good performance this term. Maintain your dedication to learning and continue working toward higher achievement.
DKPSPRY2002,5884,Atiogbe Okiki,Basic 2,Third Term,2025/2026,Basic Science,8,35,43,684,68.4,B,Very Good,Very good performance this term. Maintain your dedication to learning and continue working toward higher achievement.
DKPSPRY2002,5884,Atiogbe Okiki,Basic 2,Third Term,2025/2026,P.H.E,20,35,55,684,68.4,B,Very Good,Very good performance this term. Maintain your dedication to learning and continue working toward higher achievement.
DKPSPRY2002,5884,Atiogbe Okiki,Basic 2,Third Term,2025/2026,Digital Technology,20,35,55,684,68.4,B,Very Good,Very good performance this term. Maintain your dedication to learning and continue working toward higher achievement.
DKPSPRY2002,5884,Atiogbe Okiki,Basic 2,Third Term,2025/2026,C.R.S,40,34,74,684,68.4,B,Very Good,Very good performance this term. Maintain your dedication to learning and continue working toward higher achievement.
DKPSPRY2002,5884,Atiogbe Okiki,Basic 2,Third Term,2025/2026,C.C.A,40,54,94,684,68.4,B,Very Good,Very good performance this term. Maintain your dedication to learning and continue working toward higher achievement.
DKPSPRY2002,5884,Atiogbe Okiki,Basic 2,Third Term,2025/2026,History,28,44,72,684,68.4,B,Very Good,Very good performance this term. Maintain your dedication to learning and continue working toward higher achievement.
DKPSPRY2002,5884,Atiogbe Okiki,Basic 2,Third Term,2025/2026,Social Studies,36,44,80,684,68.4,B,Very Good,Very good performance this term. Maintain your dedication to learning and continue working toward higher achievement.
DKPSPRY2002,5884,Atiogbe Okiki,Basic 2,Third Term,2025/2026,Yoruba,40,58,98,684,68.4,B,Very Good,Very good performance this term. Maintain your dedication to learning and continue working toward higher achievement.
DKPSPRY2003,3839,Benard Hannah,Basic 2,Third Term,2025/2026,English Language,40,54,94,837,83.7,A,Excellent,Excellent performance this term. Keep up the strong commitment and continue striving for even greater achievement.
DKPSPRY2003,3839,Benard Hannah,Basic 2,Third Term,2025/2026,Mathematics,36,60,96,837,83.7,A,Excellent,Excellent performance this term. Keep up the strong commitment and continue striving for even greater achievement.
DKPSPRY2003,3839,Benard Hannah,Basic 2,Third Term,2025/2026,Basic Science,32,55,87,837,83.7,A,Excellent,Excellent performance this term. Keep up the strong commitment and continue striving for even greater achievement.
DKPSPRY2003,3839,Benard Hannah,Basic 2,Third Term,2025/2026,P.H.E,36,55,91,837,83.7,A,Excellent,Excellent performance this term. Keep up the strong commitment and continue striving for even greater achievement.
DKPSPRY2003,3839,Benard Hannah,Basic 2,Third Term,2025/2026,Digital Technology,12,55,67,837,83.7,A,Excellent,Excellent performance this term. Keep up the strong commitment and continue striving for even greater achievement.
DKPSPRY2003,3839,Benard Hannah,Basic 2,Third Term,2025/2026,C.R.S,40,58,98,837,83.7,A,Excellent,Excellent performance this term. Keep up the strong commitment and continue striving for even greater achievement.
DKPSPRY2003,3839,Benard Hannah,Basic 2,Third Term,2025/2026,C.C.A,40,60,100,837,83.7,A,Excellent,Excellent performance this term. Keep up the strong commitment and continue striving for even greater achievement.
DKPSPRY2003,3839,Benard Hannah,Basic 2,Third Term,2025/2026,History,16,60,76,837,83.7,A,Excellent,Excellent performance this term. Keep up the strong commitment and continue striving for even greater achievement.
DKPSPRY2003,3839,Benard Hannah,Basic 2,Third Term,2025/2026,Social Studies,28,60,88,837,83.7,A,Excellent,Excellent performance this term. Keep up the strong commitment and continue striving for even greater achievement.
DKPSPRY2003,3839,Benard Hannah,Basic 2,Third Term,2025/2026,Yoruba,20,20,40,837,83.7,A,Excellent,Excellent performance this term. Keep up the strong commitment and continue striving for even greater achievement.
DKPSPRY2004,3850,Omotosho Emmanuella,Basic 2,Third Term,2025/2026,English Language,16,43,59,645,64.5,B,Very Good,Very good performance this term. Maintain your dedication to learning and continue working toward higher achievement.
DKPSPRY2004,3850,Omotosho Emmanuella,Basic 2,Third Term,2025/2026,Mathematics,16,28,44,645,64.5,B,Very Good,Very good performance this term. Maintain your dedication to learning and continue working toward higher achievement.
DKPSPRY2004,3850,Omotosho Emmanuella,Basic 2,Third Term,2025/2026,Basic Science,16,32,48,645,64.5,B,Very Good,Very good performance this term. Maintain your dedication to learning and continue working toward higher achievement.
DKPSPRY2004,3850,Omotosho Emmanuella,Basic 2,Third Term,2025/2026,P.H.E,32,32,64,645,64.5,B,Very Good,Very good performance this term. Maintain your dedication to learning and continue working toward higher achievement.
DKPSPRY2004,3850,Omotosho Emmanuella,Basic 2,Third Term,2025/2026,Digital Technology,24,32,56,645,64.5,B,Very Good,Very good performance this term. Maintain your dedication to learning and continue working toward higher achievement.
DKPSPRY2004,3850,Omotosho Emmanuella,Basic 2,Third Term,2025/2026,C.R.S,40,36,76,645,64.5,B,Very Good,Very good performance this term. Maintain your dedication to learning and continue working toward higher achievement.
DKPSPRY2004,3850,Omotosho Emmanuella,Basic 2,Third Term,2025/2026,C.C.A,40,42,82,645,64.5,B,Very Good,Very good performance this term. Maintain your dedication to learning and continue working toward higher achievement.
DKPSPRY2004,3850,Omotosho Emmanuella,Basic 2,Third Term,2025/2026,History,16,35,51,645,64.5,B,Very Good,Very good performance this term. Maintain your dedication to learning and continue working toward higher achievement.
DKPSPRY2004,3850,Omotosho Emmanuella,Basic 2,Third Term,2025/2026,Social Studies,32,35,67,645,64.5,B,Very Good,Very good performance this term. Maintain your dedication to learning and continue working toward higher achievement.
DKPSPRY2004,3850,Omotosho Emmanuella,Basic 2,Third Term,2025/2026,Yoruba,40,58,98,645,64.5,B,Very Good,Very good performance this term. Maintain your dedication to learning and continue working toward higher achievement.
DKPSPRY2005,6803,Popoola Damilola,Basic 2,Third Term,2025/2026,English Language,10,49,59,647,64.7,B,Very Good,Very good performance this term. Maintain your dedication to learning and continue working toward higher achievement.
DKPSPRY2005,6803,Popoola Damilola,Basic 2,Third Term,2025/2026,Mathematics,24,34,58,647,64.7,B,Very Good,Very good performance this term. Maintain your dedication to learning and continue working toward higher achievement.
DKPSPRY2005,6803,Popoola Damilola,Basic 2,Third Term,2025/2026,Basic Science,28,36,64,647,64.7,B,Very Good,Very good performance this term. Maintain your dedication to learning and continue working toward higher achievement.
DKPSPRY2005,6803,Popoola Damilola,Basic 2,Third Term,2025/2026,P.H.E,26,36,62,647,64.7,B,Very Good,Very good performance this term. Maintain your dedication to learning and continue working toward higher achievement.
DKPSPRY2005,6803,Popoola Damilola,Basic 2,Third Term,2025/2026,Digital Technology,12,36,48,647,64.7,B,Very Good,Very good performance this term. Maintain your dedication to learning and continue working toward higher achievement.
DKPSPRY2005,6803,Popoola Damilola,Basic 2,Third Term,2025/2026,C.R.S,28,40,68,647,64.7,B,Very Good,Very good performance this term. Maintain your dedication to learning and continue working toward higher achievement.
DKPSPRY2005,6803,Popoola Damilola,Basic 2,Third Term,2025/2026,C.C.A,28,48,76,647,64.7,B,Very Good,Very good performance this term. Maintain your dedication to learning and continue working toward higher achievement.
DKPSPRY2005,6803,Popoola Damilola,Basic 2,Third Term,2025/2026,History,8,35,43,647,64.7,B,Very Good,Very good performance this term. Maintain your dedication to learning and continue working toward higher achievement.
DKPSPRY2005,6803,Popoola Damilola,Basic 2,Third Term,2025/2026,Social Studies,36,35,71,647,64.7,B,Very Good,Very good performance this term. Maintain your dedication to learning and continue working toward higher achievement.
DKPSPRY2005,6803,Popoola Damilola,Basic 2,Third Term,2025/2026,Yoruba,40,58,98,647,64.7,B,Very Good,Very good performance this term. Maintain your dedication to learning and continue working toward higher achievement.
DKPSPRY2006,7832,Saminu Khalifa,Basic 2,Third Term,2025/2026,English Language,16,41,57,622,62.2,B,Very Good,Very good performance this term. Maintain your dedication to learning and continue working toward higher achievement.
DKPSPRY2006,7832,Saminu Khalifa,Basic 2,Third Term,2025/2026,Mathematics,24,31,55,622,62.2,B,Very Good,Very good performance this term. Maintain your dedication to learning and continue working toward higher achievement.
DKPSPRY2006,7832,Saminu Khalifa,Basic 2,Third Term,2025/2026,Basic Science,20,34,54,622,62.2,B,Very Good,Very good performance this term. Maintain your dedication to learning and continue working toward higher achievement.
DKPSPRY2006,7832,Saminu Khalifa,Basic 2,Third Term,2025/2026,P.H.E,28,34,62,622,62.2,B,Very Good,Very good performance this term. Maintain your dedication to learning and continue working toward higher achievement.
DKPSPRY2006,7832,Saminu Khalifa,Basic 2,Third Term,2025/2026,Digital Technology,16,34,50,622,62.2,B,Very Good,Very good performance this term. Maintain your dedication to learning and continue working toward higher achievement.
DKPSPRY2006,7832,Saminu Khalifa,Basic 2,Third Term,2025/2026,C.R.S,24,42,66,622,62.2,B,Very Good,Very good performance this term. Maintain your dedication to learning and continue working toward higher achievement.
DKPSPRY2006,7832,Saminu Khalifa,Basic 2,Third Term,2025/2026,C.C.A,24,38,62,622,62.2,B,Very Good,Very good performance this term. Maintain your dedication to learning and continue working toward higher achievement.
DKPSPRY2006,7832,Saminu Khalifa,Basic 2,Third Term,2025/2026,History,8,39,47,622,62.2,B,Very Good,Very good performance this term. Maintain your dedication to learning and continue working toward higher achievement.
DKPSPRY2006,7832,Saminu Khalifa,Basic 2,Third Term,2025/2026,Social Studies,32,39,71,622,62.2,B,Very Good,Very good performance this term. Maintain your dedication to learning and continue working toward higher achievement.
DKPSPRY2006,7832,Saminu Khalifa,Basic 2,Third Term,2025/2026,Yoruba,40,58,98,622,62.2,B,Very Good,Very good performance this term. Maintain your dedication to learning and continue working toward higher achievement.
DKPSPRY2007,6989,Tiamiyu Habeeb,Basic 2,Third Term,2025/2026,English Language,8,20,28,544,54.4,C,Good,"Good performance this term. With greater consistency and focused effort, you can make even stronger progress next term."
DKPSPRY2007,6989,Tiamiyu Habeeb,Basic 2,Third Term,2025/2026,Mathematics,24,22,46,544,54.4,C,Good,"Good performance this term. With greater consistency and focused effort, you can make even stronger progress next term."
DKPSPRY2007,6989,Tiamiyu Habeeb,Basic 2,Third Term,2025/2026,Basic Science,32,25,57,544,54.4,C,Good,"Good performance this term. With greater consistency and focused effort, you can make even stronger progress next term."
DKPSPRY2007,6989,Tiamiyu Habeeb,Basic 2,Third Term,2025/2026,P.H.E,24,25,49,544,54.4,C,Good,"Good performance this term. With greater consistency and focused effort, you can make even stronger progress next term."
DKPSPRY2007,6989,Tiamiyu Habeeb,Basic 2,Third Term,2025/2026,Digital Technology,15,25,40,544,54.4,C,Good,"Good performance this term. With greater consistency and focused effort, you can make even stronger progress next term."
DKPSPRY2007,6989,Tiamiyu Habeeb,Basic 2,Third Term,2025/2026,C.R.S,28,20,48,544,54.4,C,Good,"Good performance this term. With greater consistency and focused effort, you can make even stronger progress next term."
DKPSPRY2007,6989,Tiamiyu Habeeb,Basic 2,Third Term,2025/2026,C.C.A,28,46,74,544,54.4,C,Good,"Good performance this term. With greater consistency and focused effort, you can make even stronger progress next term."
DKPSPRY2007,6989,Tiamiyu Habeeb,Basic 2,Third Term,2025/2026,History,12,30,42,544,54.4,C,Good,"Good performance this term. With greater consistency and focused effort, you can make even stronger progress next term."
DKPSPRY2007,6989,Tiamiyu Habeeb,Basic 2,Third Term,2025/2026,Social Studies,32,30,62,544,54.4,C,Good,"Good performance this term. With greater consistency and focused effort, you can make even stronger progress next term."
DKPSPRY2007,6989,Tiamiyu Habeeb,Basic 2,Third Term,2025/2026,Yoruba,40,58,98,544,54.4,C,Good,"Good performance this term. With greater consistency and focused effort, you can make even stronger progress next term."
DKPSPRY2008,7273,Umar Nura,Basic 2,Third Term,2025/2026,English Language,24,47,71,665,66.5,B,Very Good,Very good performance this term. Maintain your dedication to learning and continue working toward higher achievement.
DKPSPRY2008,7273,Umar Nura,Basic 2,Third Term,2025/2026,Mathematics,28,31,59,665,66.5,B,Very Good,Very good performance this term. Maintain your dedication to learning and continue working toward higher achievement.
DKPSPRY2008,7273,Umar Nura,Basic 2,Third Term,2025/2026,Basic Science,28,33,61,665,66.5,B,Very Good,Very good performance this term. Maintain your dedication to learning and continue working toward higher achievement.
DKPSPRY2008,7273,Umar Nura,Basic 2,Third Term,2025/2026,P.H.E,32,23,55,665,66.5,B,Very Good,Very good performance this term. Maintain your dedication to learning and continue working toward higher achievement.
DKPSPRY2008,7273,Umar Nura,Basic 2,Third Term,2025/2026,Digital Technology,28,33,61,665,66.5,B,Very Good,Very good performance this term. Maintain your dedication to learning and continue working toward higher achievement.
DKPSPRY2008,7273,Umar Nura,Basic 2,Third Term,2025/2026,C.R.S,32,34,66,665,66.5,B,Very Good,Very good performance this term. Maintain your dedication to learning and continue working toward higher achievement.
DKPSPRY2008,7273,Umar Nura,Basic 2,Third Term,2025/2026,C.C.A,32,44,76,665,66.5,B,Very Good,Very good performance this term. Maintain your dedication to learning and continue working toward higher achievement.
DKPSPRY2008,7273,Umar Nura,Basic 2,Third Term,2025/2026,History,20,33,53,665,66.5,B,Very Good,Very good performance this term. Maintain your dedication to learning and continue working toward higher achievement.
DKPSPRY2008,7273,Umar Nura,Basic 2,Third Term,2025/2026,Social Studies,32,33,65,665,66.5,B,Very Good,Very good performance this term. Maintain your dedication to learning and continue working toward higher achievement.
DKPSPRY2008,7273,Umar Nura,Basic 2,Third Term,2025/2026,Yoruba,40,58,98,665,66.5,B,Very Good,Very good performance this term. Maintain your dedication to learning and continue working toward higher achievement.
DKPSPRY2009,0437,Abubakar Awawu,Basic 2,Third Term,2025/2026,English Language,24,25,49,649,64.9,B,Very Good,Very good performance this term. Maintain your dedication to learning and continue working toward higher achievement.
DKPSPRY2009,0437,Abubakar Awawu,Basic 2,Third Term,2025/2026,Mathematics,36,22,58,649,64.9,B,Very Good,Very good performance this term. Maintain your dedication to learning and continue working toward higher achievement.
DKPSPRY2009,0437,Abubakar Awawu,Basic 2,Third Term,2025/2026,Basic Science,28,30,58,649,64.9,B,Very Good,Very good performance this term. Maintain your dedication to learning and continue working toward higher achievement.
DKPSPRY2009,0437,Abubakar Awawu,Basic 2,Third Term,2025/2026,P.H.E,36,30,66,649,64.9,B,Very Good,Very good performance this term. Maintain your dedication to learning and continue working toward higher achievement.
DKPSPRY2009,0437,Abubakar Awawu,Basic 2,Third Term,2025/2026,Digital Technology,20,30,50,649,64.9,B,Very Good,Very good performance this term. Maintain your dedication to learning and continue working toward higher achievement.
DKPSPRY2009,0437,Abubakar Awawu,Basic 2,Third Term,2025/2026,C.R.S,32,34,66,649,64.9,B,Very Good,Very good performance this term. Maintain your dedication to learning and continue working toward higher achievement.
DKPSPRY2009,0437,Abubakar Awawu,Basic 2,Third Term,2025/2026,C.C.A,32,48,80,649,64.9,B,Very Good,Very good performance this term. Maintain your dedication to learning and continue working toward higher achievement.
DKPSPRY2009,0437,Abubakar Awawu,Basic 2,Third Term,2025/2026,History,20,35,55,649,64.9,B,Very Good,Very good performance this term. Maintain your dedication to learning and continue working toward higher achievement.
DKPSPRY2009,0437,Abubakar Awawu,Basic 2,Third Term,2025/2026,Social Studies,36,35,71,649,64.9,B,Very Good,Very good performance this term. Maintain your dedication to learning and continue working toward higher achievement.
DKPSPRY2009,0437,Abubakar Awawu,Basic 2,Third Term,2025/2026,Yoruba,40,56,96,649,64.9,B,Very Good,Very good performance this term. Maintain your dedication to learning and continue working toward higher achievement.
DKPSPRY2010,5650,Akinwande Amirat,Basic 2,Third Term,2025/2026,English Language,8,42,50,666,66.6,B,Very Good,Very good performance this term. Maintain your dedication to learning and continue working toward higher achievement.
DKPSPRY2010,5650,Akinwande Amirat,Basic 2,Third Term,2025/2026,Mathematics,28,34,62,666,66.6,B,Very Good,Very good performance this term. Maintain your dedication to learning and continue working toward higher achievement.
DKPSPRY2010,5650,Akinwande Amirat,Basic 2,Third Term,2025/2026,Basic Science,24,27,51,666,66.6,B,Very Good,Very good performance this term. Maintain your dedication to learning and continue working toward higher achievement.
DKPSPRY2010,5650,Akinwande Amirat,Basic 2,Third Term,2025/2026,P.H.E,28,27,55,666,66.6,B,Very Good,Very good performance this term. Maintain your dedication to learning and continue working toward higher achievement.
DKPSPRY2010,5650,Akinwande Amirat,Basic 2,Third Term,2025/2026,Digital Technology,23,27,50,666,66.6,B,Very Good,Very good performance this term. Maintain your dedication to learning and continue working toward higher achievement.
DKPSPRY2010,5650,Akinwande Amirat,Basic 2,Third Term,2025/2026,C.R.S,36,38,74,666,66.6,B,Very Good,Very good performance this term. Maintain your dedication to learning and continue working toward higher achievement.
DKPSPRY2010,5650,Akinwande Amirat,Basic 2,Third Term,2025/2026,C.C.A,36,48,84,666,66.6,B,Very Good,Very good performance this term. Maintain your dedication to learning and continue working toward higher achievement.
DKPSPRY2010,5650,Akinwande Amirat,Basic 2,Third Term,2025/2026,History,28,41,69,666,66.6,B,Very Good,Very good performance this term. Maintain your dedication to learning and continue working toward higher achievement.
DKPSPRY2010,5650,Akinwande Amirat,Basic 2,Third Term,2025/2026,Social Studies,32,41,73,666,66.6,B,Very Good,Very good performance this term. Maintain your dedication to learning and continue working toward higher achievement.
DKPSPRY2010,5650,Akinwande Amirat,Basic 2,Third Term,2025/2026,Yoruba,40,58,98,666,66.6,B,Very Good,Very good performance this term. Maintain your dedication to learning and continue working toward higher achievement.
DKPSPRY3001,6034,Abdullahi Hafsat,Basic 3,Third Term,2025/2026,English Language,36,10,46,568,51.64,C,Good,"Good performance this term. With greater consistency and focused effort, you can make even stronger progress next term."
DKPSPRY3001,6034,Abdullahi Hafsat,Basic 3,Third Term,2025/2026,Mathematics,28,13,41,568,51.64,C,Good,"Good performance this term. With greater consistency and focused effort, you can make even stronger progress next term."
DKPSPRY3001,6034,Abdullahi Hafsat,Basic 3,Third Term,2025/2026,B.S.T,22,34,56,568,51.64,C,Good,"Good performance this term. With greater consistency and focused effort, you can make even stronger progress next term."
DKPSPRY3001,6034,Abdullahi Hafsat,Basic 3,Third Term,2025/2026,Digital Technology,28,30,58,568,51.64,C,Good,"Good performance this term. With greater consistency and focused effort, you can make even stronger progress next term."
DKPSPRY3001,6034,Abdullahi Hafsat,Basic 3,Third Term,2025/2026,C.C.A,25,32,57,568,51.64,C,Good,"Good performance this term. With greater consistency and focused effort, you can make even stronger progress next term."
DKPSPRY3001,6034,Abdullahi Hafsat,Basic 3,Third Term,2025/2026,History,36,15,51,568,51.64,C,Good,"Good performance this term. With greater consistency and focused effort, you can make even stronger progress next term."
DKPSPRY3001,6034,Abdullahi Hafsat,Basic 3,Third Term,2025/2026,Yoruba,20,20,40,568,51.64,C,Good,"Good performance this term. With greater consistency and focused effort, you can make even stronger progress next term."
DKPSPRY3001,6034,Abdullahi Hafsat,Basic 3,Third Term,2025/2026,P.V.S,20,20,40,568,51.64,C,Good,"Good performance this term. With greater consistency and focused effort, you can make even stronger progress next term."
DKPSPRY3001,6034,Abdullahi Hafsat,Basic 3,Third Term,2025/2026,Writing,32,48,80,568,51.64,C,Good,"Good performance this term. With greater consistency and focused effort, you can make even stronger progress next term."
DKPSPRY3001,6034,Abdullahi Hafsat,Basic 3,Third Term,2025/2026,R.N.V,18,27,45,568,51.64,C,Good,"Good performance this term. With greater consistency and focused effort, you can make even stronger progress next term."
DKPSPRY3001,6034,Abdullahi Hafsat,Basic 3,Third Term,2025/2026,C.R.S,30,24,54,568,51.64,C,Good,"Good performance this term. With greater consistency and focused effort, you can make even stronger progress next term."
DKPSPRY3002,1005,Abubakar Bushirat,Basic 3,Third Term,2025/2026,English Language,40,13,53,575,52.27,C,Good,"Good performance this term. With greater consistency and focused effort, you can make even stronger progress next term."
DKPSPRY3002,1005,Abubakar Bushirat,Basic 3,Third Term,2025/2026,Mathematics,36,12,48,575,52.27,C,Good,"Good performance this term. With greater consistency and focused effort, you can make even stronger progress next term."
DKPSPRY3002,1005,Abubakar Bushirat,Basic 3,Third Term,2025/2026,B.S.T,25,37,62,575,52.27,C,Good,"Good performance this term. With greater consistency and focused effort, you can make even stronger progress next term."
DKPSPRY3002,1005,Abubakar Bushirat,Basic 3,Third Term,2025/2026,Digital Technology,38,25,63,575,52.27,C,Good,"Good performance this term. With greater consistency and focused effort, you can make even stronger progress next term."
DKPSPRY3002,1005,Abubakar Bushirat,Basic 3,Third Term,2025/2026,C.C.A,20,24,44,575,52.27,C,Good,"Good performance this term. With greater consistency and focused effort, you can make even stronger progress next term."
DKPSPRY3002,1005,Abubakar Bushirat,Basic 3,Third Term,2025/2026,History,20,35,55,575,52.27,C,Good,"Good performance this term. With greater consistency and focused effort, you can make even stronger progress next term."
DKPSPRY3002,1005,Abubakar Bushirat,Basic 3,Third Term,2025/2026,Yoruba,20,20,40,575,52.27,C,Good,"Good performance this term. With greater consistency and focused effort, you can make even stronger progress next term."
DKPSPRY3002,1005,Abubakar Bushirat,Basic 3,Third Term,2025/2026,P.V.S,20,15,35,575,52.27,C,Good,"Good performance this term. With greater consistency and focused effort, you can make even stronger progress next term."
DKPSPRY3002,1005,Abubakar Bushirat,Basic 3,Third Term,2025/2026,Writing,28,42,70,575,52.27,C,Good,"Good performance this term. With greater consistency and focused effort, you can make even stronger progress next term."
DKPSPRY3002,1005,Abubakar Bushirat,Basic 3,Third Term,2025/2026,R.N.V,20,31,51,575,52.27,C,Good,"Good performance this term. With greater consistency and focused effort, you can make even stronger progress next term."
DKPSPRY3002,1005,Abubakar Bushirat,Basic 3,Third Term,2025/2026,C.R.S,30,24,54,575,52.27,C,Good,"Good performance this term. With greater consistency and focused effort, you can make even stronger progress next term."
DKPSPRY3003,8131,Abdullahi Nusaiba,Basic 3,Third Term,2025/2026,English Language,20,10,30,529,48.09,D,Fair,"Fair performance this term. More concentration, regular practice, and consistent effort will help improve your results."
DKPSPRY3003,8131,Abdullahi Nusaiba,Basic 3,Third Term,2025/2026,Mathematics,10,10,20,529,48.09,D,Fair,"Fair performance this term. More concentration, regular practice, and consistent effort will help improve your results."
DKPSPRY3003,8131,Abdullahi Nusaiba,Basic 3,Third Term,2025/2026,B.S.T,22,32,54,529,48.09,D,Fair,"Fair performance this term. More concentration, regular practice, and consistent effort will help improve your results."
DKPSPRY3003,8131,Abdullahi Nusaiba,Basic 3,Third Term,2025/2026,Digital Technology,32,42,74,529,48.09,D,Fair,"Fair performance this term. More concentration, regular practice, and consistent effort will help improve your results."
DKPSPRY3003,8131,Abdullahi Nusaiba,Basic 3,Third Term,2025/2026,C.C.A,25,28,53,529,48.09,D,Fair,"Fair performance this term. More concentration, regular practice, and consistent effort will help improve your results."
DKPSPRY3003,8131,Abdullahi Nusaiba,Basic 3,Third Term,2025/2026,History,32,25,57,529,48.09,D,Fair,"Fair performance this term. More concentration, regular practice, and consistent effort will help improve your results."
DKPSPRY3003,8131,Abdullahi Nusaiba,Basic 3,Third Term,2025/2026,Yoruba,20,20,40,529,48.09,D,Fair,"Fair performance this term. More concentration, regular practice, and consistent effort will help improve your results."
DKPSPRY3003,8131,Abdullahi Nusaiba,Basic 3,Third Term,2025/2026,P.V.S,20,14,34,529,48.09,D,Fair,"Fair performance this term. More concentration, regular practice, and consistent effort will help improve your results."
DKPSPRY3003,8131,Abdullahi Nusaiba,Basic 3,Third Term,2025/2026,Writing,24,36,60,529,48.09,D,Fair,"Fair performance this term. More concentration, regular practice, and consistent effort will help improve your results."
DKPSPRY3003,8131,Abdullahi Nusaiba,Basic 3,Third Term,2025/2026,R.N.V,20,29,49,529,48.09,D,Fair,"Fair performance this term. More concentration, regular practice, and consistent effort will help improve your results."
DKPSPRY3003,8131,Abdullahi Nusaiba,Basic 3,Third Term,2025/2026,C.R.S,25,33,58,529,48.09,D,Fair,"Fair performance this term. More concentration, regular practice, and consistent effort will help improve your results."
DKPSPRY3004,3483,Adeshiyan Pemisire,Basic 3,Third Term,2025/2026,English Language,8,10,18,457,41.55,E,Pass,You have made a fair effort this term. More attention to your studies and steady practice will help strengthen your performance.
DKPSPRY3004,3483,Adeshiyan Pemisire,Basic 3,Third Term,2025/2026,Mathematics,28,10,38,457,41.55,E,Pass,You have made a fair effort this term. More attention to your studies and steady practice will help strengthen your performance.
DKPSPRY3004,3483,Adeshiyan Pemisire,Basic 3,Third Term,2025/2026,B.S.T,20,31,51,457,41.55,E,Pass,You have made a fair effort this term. More attention to your studies and steady practice will help strengthen your performance.
DKPSPRY3004,3483,Adeshiyan Pemisire,Basic 3,Third Term,2025/2026,Digital Technology,24,32,56,457,41.55,E,Pass,You have made a fair effort this term. More attention to your studies and steady practice will help strengthen your performance.
DKPSPRY3004,3483,Adeshiyan Pemisire,Basic 3,Third Term,2025/2026,C.C.A,25,24,49,457,41.55,E,Pass,You have made a fair effort this term. More attention to your studies and steady practice will help strengthen your performance.
DKPSPRY3004,3483,Adeshiyan Pemisire,Basic 3,Third Term,2025/2026,History,8,29,37,457,41.55,E,Pass,You have made a fair effort this term. More attention to your studies and steady practice will help strengthen your performance.
DKPSPRY3004,3483,Adeshiyan Pemisire,Basic 3,Third Term,2025/2026,Yoruba,20,20,40,457,41.55,E,Pass,You have made a fair effort this term. More attention to your studies and steady practice will help strengthen your performance.
DKPSPRY3004,3483,Adeshiyan Pemisire,Basic 3,Third Term,2025/2026,P.V.S,20,16,36,457,41.55,E,Pass,You have made a fair effort this term. More attention to your studies and steady practice will help strengthen your performance.
DKPSPRY3004,3483,Adeshiyan Pemisire,Basic 3,Third Term,2025/2026,Writing,24,36,60,457,41.55,E,Pass,You have made a fair effort this term. More attention to your studies and steady practice will help strengthen your performance.
DKPSPRY3004,3483,Adeshiyan Pemisire,Basic 3,Third Term,2025/2026,R.N.V,14,22,36,457,41.55,E,Pass,You have made a fair effort this term. More attention to your studies and steady practice will help strengthen your performance.
DKPSPRY3004,3483,Adeshiyan Pemisire,Basic 3,Third Term,2025/2026,C.R.S,24,12,36,457,41.55,E,Pass,You have made a fair effort this term. More attention to your studies and steady practice will help strengthen your performance.
DKPSPRY3005,1991,Saminu Mahmud,Basic 3,Third Term,2025/2026,English Language,16,10,26,564,51.27,C,Good,"Good performance this term. With greater consistency and focused effort, you can make even stronger progress next term."
DKPSPRY3005,1991,Saminu Mahmud,Basic 3,Third Term,2025/2026,Mathematics,36,8,44,564,51.27,C,Good,"Good performance this term. With greater consistency and focused effort, you can make even stronger progress next term."
DKPSPRY3005,1991,Saminu Mahmud,Basic 3,Third Term,2025/2026,B.S.T,24,36,60,564,51.27,C,Good,"Good performance this term. With greater consistency and focused effort, you can make even stronger progress next term."
DKPSPRY3005,1991,Saminu Mahmud,Basic 3,Third Term,2025/2026,Digital Technology,40,40,80,564,51.27,C,Good,"Good performance this term. With greater consistency and focused effort, you can make even stronger progress next term."
DKPSPRY3005,1991,Saminu Mahmud,Basic 3,Third Term,2025/2026,C.C.A,25,28,53,564,51.27,C,Good,"Good performance this term. With greater consistency and focused effort, you can make even stronger progress next term."
DKPSPRY3005,1991,Saminu Mahmud,Basic 3,Third Term,2025/2026,History,15,31,46,564,51.27,C,Good,"Good performance this term. With greater consistency and focused effort, you can make even stronger progress next term."
DKPSPRY3005,1991,Saminu Mahmud,Basic 3,Third Term,2025/2026,Yoruba,20,20,40,564,51.27,C,Good,"Good performance this term. With greater consistency and focused effort, you can make even stronger progress next term."
DKPSPRY3005,1991,Saminu Mahmud,Basic 3,Third Term,2025/2026,P.V.S,20,20,40,564,51.27,C,Good,"Good performance this term. With greater consistency and focused effort, you can make even stronger progress next term."
DKPSPRY3005,1991,Saminu Mahmud,Basic 3,Third Term,2025/2026,Writing,24,36,60,564,51.27,C,Good,"Good performance this term. With greater consistency and focused effort, you can make even stronger progress next term."
DKPSPRY3005,1991,Saminu Mahmud,Basic 3,Third Term,2025/2026,R.N.V,22,32,54,564,51.27,C,Good,"Good performance this term. With greater consistency and focused effort, you can make even stronger progress next term."
DKPSPRY3005,1991,Saminu Mahmud,Basic 3,Third Term,2025/2026,C.R.S,36,25,61,564,51.27,C,Good,"Good performance this term. With greater consistency and focused effort, you can make even stronger progress next term."
DKPSPRY3006,1324,Adelani Ayomide,Basic 3,Third Term,2025/2026,English Language,8,6,14,427,38.82,F,Needs Improvement,"Your performance needs improvement this term. With stronger commitment, regular practice, and support, you can make better progress."
DKPSPRY3006,1324,Adelani Ayomide,Basic 3,Third Term,2025/2026,Mathematics,10,14,24,427,38.82,F,Needs Improvement,"Your performance needs improvement this term. With stronger commitment, regular practice, and support, you can make better progress."
DKPSPRY3006,1324,Adelani Ayomide,Basic 3,Third Term,2025/2026,B.S.T,13,19,32,427,38.82,F,Needs Improvement,"Your performance needs improvement this term. With stronger commitment, regular practice, and support, you can make better progress."
DKPSPRY3006,1324,Adelani Ayomide,Basic 3,Third Term,2025/2026,Digital Technology,5,23,28,427,38.82,F,Needs Improvement,"Your performance needs improvement this term. With stronger commitment, regular practice, and support, you can make better progress."
DKPSPRY3006,1324,Adelani Ayomide,Basic 3,Third Term,2025/2026,C.C.A,25,20,45,427,38.82,F,Needs Improvement,"Your performance needs improvement this term. With stronger commitment, regular practice, and support, you can make better progress."
DKPSPRY3006,1324,Adelani Ayomide,Basic 3,Third Term,2025/2026,History,4,26,30,427,38.82,F,Needs Improvement,"Your performance needs improvement this term. With stronger commitment, regular practice, and support, you can make better progress."
DKPSPRY3006,1324,Adelani Ayomide,Basic 3,Third Term,2025/2026,Yoruba,20,44,64,427,38.82,F,Needs Improvement,"Your performance needs improvement this term. With stronger commitment, regular practice, and support, you can make better progress."
DKPSPRY3006,1324,Adelani Ayomide,Basic 3,Third Term,2025/2026,P.V.S,20,15,35,427,38.82,F,Needs Improvement,"Your performance needs improvement this term. With stronger commitment, regular practice, and support, you can make better progress."
DKPSPRY3006,1324,Adelani Ayomide,Basic 3,Third Term,2025/2026,Writing,32,48,80,427,38.82,F,Needs Improvement,"Your performance needs improvement this term. With stronger commitment, regular practice, and support, you can make better progress."
DKPSPRY3006,1324,Adelani Ayomide,Basic 3,Third Term,2025/2026,R.N.V,13,19,32,427,38.82,F,Needs Improvement,"Your performance needs improvement this term. With stronger commitment, regular practice, and support, you can make better progress."
DKPSPRY3006,1324,Adelani Ayomide,Basic 3,Third Term,2025/2026,C.R.S,10,33,43,427,38.82,F,Needs Improvement,"Your performance needs improvement this term. With stronger commitment, regular practice, and support, you can make better progress."
DKPSPRY3007,1633,Adekanbi Mercy,Basic 3,Third Term,2025/2026,English Language,10,22,32,607,55.18,C,Good,"Good performance this term. With greater consistency and focused effort, you can make even stronger progress next term."
DKPSPRY3007,1633,Adekanbi Mercy,Basic 3,Third Term,2025/2026,Mathematics,28,16,44,607,55.18,C,Good,"Good performance this term. With greater consistency and focused effort, you can make even stronger progress next term."
DKPSPRY3007,1633,Adekanbi Mercy,Basic 3,Third Term,2025/2026,B.S.T,26,39,65,607,55.18,C,Good,"Good performance this term. With greater consistency and focused effort, you can make even stronger progress next term."
DKPSPRY3007,1633,Adekanbi Mercy,Basic 3,Third Term,2025/2026,Digital Technology,32,30,62,607,55.18,C,Good,"Good performance this term. With greater consistency and focused effort, you can make even stronger progress next term."
DKPSPRY3007,1633,Adekanbi Mercy,Basic 3,Third Term,2025/2026,C.C.A,25,20,45,607,55.18,C,Good,"Good performance this term. With greater consistency and focused effort, you can make even stronger progress next term."
DKPSPRY3007,1633,Adekanbi Mercy,Basic 3,Third Term,2025/2026,History,12,37,49,607,55.18,C,Good,"Good performance this term. With greater consistency and focused effort, you can make even stronger progress next term."
DKPSPRY3007,1633,Adekanbi Mercy,Basic 3,Third Term,2025/2026,Yoruba,20,48,68,607,55.18,C,Good,"Good performance this term. With greater consistency and focused effort, you can make even stronger progress next term."
DKPSPRY3007,1633,Adekanbi Mercy,Basic 3,Third Term,2025/2026,P.V.S,20,16,36,607,55.18,C,Good,"Good performance this term. With greater consistency and focused effort, you can make even stronger progress next term."
DKPSPRY3007,1633,Adekanbi Mercy,Basic 3,Third Term,2025/2026,Writing,28,42,70,607,55.18,C,Good,"Good performance this term. With greater consistency and focused effort, you can make even stronger progress next term."
DKPSPRY3007,1633,Adekanbi Mercy,Basic 3,Third Term,2025/2026,R.N.V,25,37,62,607,55.18,C,Good,"Good performance this term. With greater consistency and focused effort, you can make even stronger progress next term."
DKPSPRY3007,1633,Adekanbi Mercy,Basic 3,Third Term,2025/2026,C.R.S,35,39,74,607,55.18,C,Good,"Good performance this term. With greater consistency and focused effort, you can make even stronger progress next term."
DKPSPRY3008,3858,Aliyu Mariam,Basic 3,Third Term,2025/2026,English Language,12,5,17,413,37.55,F,Needs Improvement,"Your performance needs improvement this term. With stronger commitment, regular practice, and support, you can make better progress."
DKPSPRY3008,3858,Aliyu Mariam,Basic 3,Third Term,2025/2026,Mathematics,12,8,20,413,37.55,F,Needs Improvement,"Your performance needs improvement this term. With stronger commitment, regular practice, and support, you can make better progress."
DKPSPRY3008,3858,Aliyu Mariam,Basic 3,Third Term,2025/2026,B.S.T,13,19,32,413,37.55,F,Needs Improvement,"Your performance needs improvement this term. With stronger commitment, regular practice, and support, you can make better progress."
DKPSPRY3008,3858,Aliyu Mariam,Basic 3,Third Term,2025/2026,Digital Technology,20,21,41,413,37.55,F,Needs Improvement,"Your performance needs improvement this term. With stronger commitment, regular practice, and support, you can make better progress."
DKPSPRY3008,3858,Aliyu Mariam,Basic 3,Third Term,2025/2026,C.C.A,25,24,49,413,37.55,F,Needs Improvement,"Your performance needs improvement this term. With stronger commitment, regular practice, and support, you can make better progress."
DKPSPRY3008,3858,Aliyu Mariam,Basic 3,Third Term,2025/2026,History,15,29,44,413,37.55,F,Needs Improvement,"Your performance needs improvement this term. With stronger commitment, regular practice, and support, you can make better progress."
DKPSPRY3008,3858,Aliyu Mariam,Basic 3,Third Term,2025/2026,Yoruba,20,20,40,413,37.55,F,Needs Improvement,"Your performance needs improvement this term. With stronger commitment, regular practice, and support, you can make better progress."
DKPSPRY3008,3858,Aliyu Mariam,Basic 3,Third Term,2025/2026,P.V.S,20,12,32,413,37.55,F,Needs Improvement,"Your performance needs improvement this term. With stronger commitment, regular practice, and support, you can make better progress."
DKPSPRY3008,3858,Aliyu Mariam,Basic 3,Third Term,2025/2026,Writing,28,42,70,413,37.55,F,Needs Improvement,"Your performance needs improvement this term. With stronger commitment, regular practice, and support, you can make better progress."
DKPSPRY3008,3858,Aliyu Mariam,Basic 3,Third Term,2025/2026,R.N.V,12,19,31,413,37.55,F,Needs Improvement,"Your performance needs improvement this term. With stronger commitment, regular practice, and support, you can make better progress."
DKPSPRY3008,3858,Aliyu Mariam,Basic 3,Third Term,2025/2026,C.R.S,15,22,37,413,37.55,F,Needs Improvement,"Your performance needs improvement this term. With stronger commitment, regular practice, and support, you can make better progress."
DKPSPRY3009,6161,Aishat Mohammed,Basic 3,Third Term,2025/2026,English Language,10,8,18,560,50.91,C,Good,"Good performance this term. With greater consistency and focused effort, you can make even stronger progress next term."
DKPSPRY3009,6161,Aishat Mohammed,Basic 3,Third Term,2025/2026,Mathematics,32,15,47,560,50.91,C,Good,"Good performance this term. With greater consistency and focused effort, you can make even stronger progress next term."
DKPSPRY3009,6161,Aishat Mohammed,Basic 3,Third Term,2025/2026,B.S.T,23,34,57,560,50.91,C,Good,"Good performance this term. With greater consistency and focused effort, you can make even stronger progress next term."
DKPSPRY3009,6161,Aishat Mohammed,Basic 3,Third Term,2025/2026,Digital Technology,24,28,52,560,50.91,C,Good,"Good performance this term. With greater consistency and focused effort, you can make even stronger progress next term."
DKPSPRY3009,6161,Aishat Mohammed,Basic 3,Third Term,2025/2026,C.C.A,25,26,51,560,50.91,C,Good,"Good performance this term. With greater consistency and focused effort, you can make even stronger progress next term."
DKPSPRY3009,6161,Aishat Mohammed,Basic 3,Third Term,2025/2026,History,32,34,66,560,50.91,C,Good,"Good performance this term. With greater consistency and focused effort, you can make even stronger progress next term."
DKPSPRY3009,6161,Aishat Mohammed,Basic 3,Third Term,2025/2026,Yoruba,20,24,44,560,50.91,C,Good,"Good performance this term. With greater consistency and focused effort, you can make even stronger progress next term."
DKPSPRY3009,6161,Aishat Mohammed,Basic 3,Third Term,2025/2026,P.V.S,20,15,35,560,50.91,C,Good,"Good performance this term. With greater consistency and focused effort, you can make even stronger progress next term."
DKPSPRY3009,6161,Aishat Mohammed,Basic 3,Third Term,2025/2026,Writing,28,42,70,560,50.91,C,Good,"Good performance this term. With greater consistency and focused effort, you can make even stronger progress next term."
DKPSPRY3009,6161,Aishat Mohammed,Basic 3,Third Term,2025/2026,R.N.V,24,35,59,560,50.91,C,Good,"Good performance this term. With greater consistency and focused effort, you can make even stronger progress next term."
DKPSPRY3009,6161,Aishat Mohammed,Basic 3,Third Term,2025/2026,C.R.S,35,26,61,560,50.91,C,Good,"Good performance this term. With greater consistency and focused effort, you can make even stronger progress next term."
DKPSPRY3010,4799,James Mary,Basic 3,Third Term,2025/2026,English Language,28,14,42,553,50.27,C,Good,"Good performance this term. With greater consistency and focused effort, you can make even stronger progress next term."
DKPSPRY3010,4799,James Mary,Basic 3,Third Term,2025/2026,Mathematics,36,7,43,553,50.27,C,Good,"Good performance this term. With greater consistency and focused effort, you can make even stronger progress next term."
DKPSPRY3010,4799,James Mary,Basic 3,Third Term,2025/2026,B.S.T,23,34,57,553,50.27,C,Good,"Good performance this term. With greater consistency and focused effort, you can make even stronger progress next term."
DKPSPRY3010,4799,James Mary,Basic 3,Third Term,2025/2026,Digital Technology,28,32,60,553,50.27,C,Good,"Good performance this term. With greater consistency and focused effort, you can make even stronger progress next term."
DKPSPRY3010,4799,James Mary,Basic 3,Third Term,2025/2026,C.C.A,25,24,49,553,50.27,C,Good,"Good performance this term. With greater consistency and focused effort, you can make even stronger progress next term."
DKPSPRY3010,4799,James Mary,Basic 3,Third Term,2025/2026,History,8,28,36,553,50.27,C,Good,"Good performance this term. With greater consistency and focused effort, you can make even stronger progress next term."
DKPSPRY3010,4799,James Mary,Basic 3,Third Term,2025/2026,Yoruba,20,22,42,553,50.27,C,Good,"Good performance this term. With greater consistency and focused effort, you can make even stronger progress next term."
DKPSPRY3010,4799,James Mary,Basic 3,Third Term,2025/2026,P.V.S,20,22,42,553,50.27,C,Good,"Good performance this term. With greater consistency and focused effort, you can make even stronger progress next term."
DKPSPRY3010,4799,James Mary,Basic 3,Third Term,2025/2026,Writing,28,42,70,553,50.27,C,Good,"Good performance this term. With greater consistency and focused effort, you can make even stronger progress next term."
DKPSPRY3010,4799,James Mary,Basic 3,Third Term,2025/2026,R.N.V,22,34,56,553,50.27,C,Good,"Good performance this term. With greater consistency and focused effort, you can make even stronger progress next term."
DKPSPRY3010,4799,James Mary,Basic 3,Third Term,2025/2026,C.R.S,25,31,56,553,50.27,C,Good,"Good performance this term. With greater consistency and focused effort, you can make even stronger progress next term."
DKPSPRY3011,3579,Omotosho Shubomi,Basic 3,Third Term,2025/2026,English Language,20,11,31,501,45.55,D,Fair,"Fair performance this term. More concentration, regular practice, and consistent effort will help improve your results."
DKPSPRY3011,3579,Omotosho Shubomi,Basic 3,Third Term,2025/2026,Mathematics,12,8,20,501,45.55,D,Fair,"Fair performance this term. More concentration, regular practice, and consistent effort will help improve your results."
DKPSPRY3011,3579,Omotosho Shubomi,Basic 3,Third Term,2025/2026,B.S.T,10,14,24,501,45.55,D,Fair,"Fair performance this term. More concentration, regular practice, and consistent effort will help improve your results."
DKPSPRY3011,3579,Omotosho Shubomi,Basic 3,Third Term,2025/2026,Digital Technology,20,35,55,501,45.55,D,Fair,"Fair performance this term. More concentration, regular practice, and consistent effort will help improve your results."
DKPSPRY3011,3579,Omotosho Shubomi,Basic 3,Third Term,2025/2026,C.C.A,25,30,55,501,45.55,D,Fair,"Fair performance this term. More concentration, regular practice, and consistent effort will help improve your results."
DKPSPRY3011,3579,Omotosho Shubomi,Basic 3,Third Term,2025/2026,History,20,29,49,501,45.55,D,Fair,"Fair performance this term. More concentration, regular practice, and consistent effort will help improve your results."
DKPSPRY3011,3579,Omotosho Shubomi,Basic 3,Third Term,2025/2026,Yoruba,20,38,58,501,45.55,D,Fair,"Fair performance this term. More concentration, regular practice, and consistent effort will help improve your results."
DKPSPRY3011,3579,Omotosho Shubomi,Basic 3,Third Term,2025/2026,P.V.S,20,19,39,501,45.55,D,Fair,"Fair performance this term. More concentration, regular practice, and consistent effort will help improve your results."
DKPSPRY3011,3579,Omotosho Shubomi,Basic 3,Third Term,2025/2026,Writing,32,48,80,501,45.55,D,Fair,"Fair performance this term. More concentration, regular practice, and consistent effort will help improve your results."
DKPSPRY3011,3579,Omotosho Shubomi,Basic 3,Third Term,2025/2026,R.N.V,12,18,30,501,45.55,D,Fair,"Fair performance this term. More concentration, regular practice, and consistent effort will help improve your results."
DKPSPRY3011,3579,Omotosho Shubomi,Basic 3,Third Term,2025/2026,C.R.S,10,50,60,501,45.55,D,Fair,"Fair performance this term. More concentration, regular practice, and consistent effort will help improve your results."
DKPSPRY4001,6621,Ibrahim Idris,Basic 4,Third Term,2025/2026,English Language,20,3,23,404,36.73,F,Needs Improvement,"Your performance needs improvement this term. With stronger commitment, regular practice, and support, you can make better progress."
DKPSPRY4001,6621,Ibrahim Idris,Basic 4,Third Term,2025/2026,Mathematics,4,8,12,404,36.73,F,Needs Improvement,"Your performance needs improvement this term. With stronger commitment, regular practice, and support, you can make better progress."
DKPSPRY4001,6621,Ibrahim Idris,Basic 4,Third Term,2025/2026,B.S.T,18,26,44,404,36.73,F,Needs Improvement,"Your performance needs improvement this term. With stronger commitment, regular practice, and support, you can make better progress."
DKPSPRY4001,6621,Ibrahim Idris,Basic 4,Third Term,2025/2026,P.H.E,16,21,37,404,36.73,F,Needs Improvement,"Your performance needs improvement this term. With stronger commitment, regular practice, and support, you can make better progress."
DKPSPRY4001,6621,Ibrahim Idris,Basic 4,Third Term,2025/2026,Digital Technology,24,20,44,404,36.73,F,Needs Improvement,"Your performance needs improvement this term. With stronger commitment, regular practice, and support, you can make better progress."
DKPSPRY4001,6621,Ibrahim Idris,Basic 4,Third Term,2025/2026,C.C.A,8,13,21,404,36.73,F,Needs Improvement,"Your performance needs improvement this term. With stronger commitment, regular practice, and support, you can make better progress."
DKPSPRY4001,6621,Ibrahim Idris,Basic 4,Third Term,2025/2026,History,8,32,40,404,36.73,F,Needs Improvement,"Your performance needs improvement this term. With stronger commitment, regular practice, and support, you can make better progress."
DKPSPRY4001,6621,Ibrahim Idris,Basic 4,Third Term,2025/2026,Yoruba,10,45,55,404,36.73,F,Needs Improvement,"Your performance needs improvement this term. With stronger commitment, regular practice, and support, you can make better progress."
DKPSPRY4001,6621,Ibrahim Idris,Basic 4,Third Term,2025/2026,P.V.S,4,18,22,404,36.73,F,Needs Improvement,"Your performance needs improvement this term. With stronger commitment, regular practice, and support, you can make better progress."
DKPSPRY4001,6621,Ibrahim Idris,Basic 4,Third Term,2025/2026,Writing,28,42,70,404,36.73,F,Needs Improvement,"Your performance needs improvement this term. With stronger commitment, regular practice, and support, you can make better progress."
DKPSPRY4001,6621,Ibrahim Idris,Basic 4,Third Term,2025/2026,R.N.V,14,22,36,404,36.73,F,Needs Improvement,"Your performance needs improvement this term. With stronger commitment, regular practice, and support, you can make better progress."
DKPSPRY4002,8972,Umar Ibrahim,Basic 4,Third Term,2025/2026,English Language,8,8,16,505,45.91,D,Fair,"Fair performance this term. More concentration, regular practice, and consistent effort will help improve your results."
DKPSPRY4002,8972,Umar Ibrahim,Basic 4,Third Term,2025/2026,Mathematics,24,20,44,505,45.91,D,Fair,"Fair performance this term. More concentration, regular practice, and consistent effort will help improve your results."
DKPSPRY4002,8972,Umar Ibrahim,Basic 4,Third Term,2025/2026,B.S.T,17,26,43,505,45.91,D,Fair,"Fair performance this term. More concentration, regular practice, and consistent effort will help improve your results."
DKPSPRY4002,8972,Umar Ibrahim,Basic 4,Third Term,2025/2026,P.H.E,30,12,42,505,45.91,D,Fair,"Fair performance this term. More concentration, regular practice, and consistent effort will help improve your results."
DKPSPRY4002,8972,Umar Ibrahim,Basic 4,Third Term,2025/2026,Digital Technology,26,25,51,505,45.91,D,Fair,"Fair performance this term. More concentration, regular practice, and consistent effort will help improve your results."
DKPSPRY4002,8972,Umar Ibrahim,Basic 4,Third Term,2025/2026,C.C.A,10,33,43,505,45.91,D,Fair,"Fair performance this term. More concentration, regular practice, and consistent effort will help improve your results."
DKPSPRY4002,8972,Umar Ibrahim,Basic 4,Third Term,2025/2026,History,32,21,53,505,45.91,D,Fair,"Fair performance this term. More concentration, regular practice, and consistent effort will help improve your results."
DKPSPRY4002,8972,Umar Ibrahim,Basic 4,Third Term,2025/2026,Yoruba,10,45,55,505,45.91,D,Fair,"Fair performance this term. More concentration, regular practice, and consistent effort will help improve your results."
DKPSPRY4002,8972,Umar Ibrahim,Basic 4,Third Term,2025/2026,P.V.S,15,17,32,505,45.91,D,Fair,"Fair performance this term. More concentration, regular practice, and consistent effort will help improve your results."
DKPSPRY4002,8972,Umar Ibrahim,Basic 4,Third Term,2025/2026,Writing,28,42,70,505,45.91,D,Fair,"Fair performance this term. More concentration, regular practice, and consistent effort will help improve your results."
DKPSPRY4002,8972,Umar Ibrahim,Basic 4,Third Term,2025/2026,R.N.V,22,34,56,505,45.91,D,Fair,"Fair performance this term. More concentration, regular practice, and consistent effort will help improve your results."
DKPSPRY4003,7126,Umar Aliyu,Basic 4,Third Term,2025/2026,English Language,12,8,20,490,44.55,E,Pass,You have made a fair effort this term. More attention to your studies and steady practice will help strengthen your performance.
DKPSPRY4003,7126,Umar Aliyu,Basic 4,Third Term,2025/2026,Mathematics,20,26,46,490,44.55,E,Pass,You have made a fair effort this term. More attention to your studies and steady practice will help strengthen your performance.
DKPSPRY4003,7126,Umar Aliyu,Basic 4,Third Term,2025/2026,B.S.T,14,22,36,490,44.55,E,Pass,You have made a fair effort this term. More attention to your studies and steady practice will help strengthen your performance.
DKPSPRY4003,7126,Umar Aliyu,Basic 4,Third Term,2025/2026,P.H.E,10,20,30,490,44.55,E,Pass,You have made a fair effort this term. More attention to your studies and steady practice will help strengthen your performance.
DKPSPRY4003,7126,Umar Aliyu,Basic 4,Third Term,2025/2026,Digital Technology,20,30,50,490,44.55,E,Pass,You have made a fair effort this term. More attention to your studies and steady practice will help strengthen your performance.
DKPSPRY4003,7126,Umar Aliyu,Basic 4,Third Term,2025/2026,C.C.A,27,29,56,490,44.55,E,Pass,You have made a fair effort this term. More attention to your studies and steady practice will help strengthen your performance.
DKPSPRY4003,7126,Umar Aliyu,Basic 4,Third Term,2025/2026,History,20,30,50,490,44.55,E,Pass,You have made a fair effort this term. More attention to your studies and steady practice will help strengthen your performance.
DKPSPRY4003,7126,Umar Aliyu,Basic 4,Third Term,2025/2026,Yoruba,10,45,55,490,44.55,E,Pass,You have made a fair effort this term. More attention to your studies and steady practice will help strengthen your performance.
DKPSPRY4003,7126,Umar Aliyu,Basic 4,Third Term,2025/2026,P.V.S,20,27,47,490,44.55,E,Pass,You have made a fair effort this term. More attention to your studies and steady practice will help strengthen your performance.
DKPSPRY4003,7126,Umar Aliyu,Basic 4,Third Term,2025/2026,Writing,24,36,60,490,44.55,E,Pass,You have made a fair effort this term. More attention to your studies and steady practice will help strengthen your performance.
DKPSPRY4003,7126,Umar Aliyu,Basic 4,Third Term,2025/2026,R.N.V,16,24,40,490,44.55,E,Pass,You have made a fair effort this term. More attention to your studies and steady practice will help strengthen your performance.
DKPSPRY4004,5996,Obi-Victor Miracle,Basic 4,Third Term,2025/2026,English Language,35,40,75,834,75.82,A,Excellent,Excellent performance this term. Keep up the strong commitment and continue striving for even greater achievement.
DKPSPRY4004,5996,Obi-Victor Miracle,Basic 4,Third Term,2025/2026,Mathematics,40,40,80,834,75.82,A,Excellent,Excellent performance this term. Keep up the strong commitment and continue striving for even greater achievement.
DKPSPRY4004,5996,Obi-Victor Miracle,Basic 4,Third Term,2025/2026,B.S.T,20,40,60,834,75.82,A,Excellent,Excellent performance this term. Keep up the strong commitment and continue striving for even greater achievement.
DKPSPRY4004,5996,Obi-Victor Miracle,Basic 4,Third Term,2025/2026,P.H.E,38,40,78,834,75.82,A,Excellent,Excellent performance this term. Keep up the strong commitment and continue striving for even greater achievement.
DKPSPRY4004,5996,Obi-Victor Miracle,Basic 4,Third Term,2025/2026,Digital Technology,40,39,79,834,75.82,A,Excellent,Excellent performance this term. Keep up the strong commitment and continue striving for even greater achievement.
DKPSPRY4004,5996,Obi-Victor Miracle,Basic 4,Third Term,2025/2026,C.C.A,36,42,78,834,75.82,A,Excellent,Excellent performance this term. Keep up the strong commitment and continue striving for even greater achievement.
DKPSPRY4004,5996,Obi-Victor Miracle,Basic 4,Third Term,2025/2026,History,38,43,81,834,75.82,A,Excellent,Excellent performance this term. Keep up the strong commitment and continue striving for even greater achievement.
DKPSPRY4004,5996,Obi-Victor Miracle,Basic 4,Third Term,2025/2026,Yoruba,10,45,55,834,75.82,A,Excellent,Excellent performance this term. Keep up the strong commitment and continue striving for even greater achievement.
DKPSPRY4004,5996,Obi-Victor Miracle,Basic 4,Third Term,2025/2026,P.V.S,40,53,93,834,75.82,A,Excellent,Excellent performance this term. Keep up the strong commitment and continue striving for even greater achievement.
DKPSPRY4004,5996,Obi-Victor Miracle,Basic 4,Third Term,2025/2026,Writing,32,48,80,834,75.82,A,Excellent,Excellent performance this term. Keep up the strong commitment and continue striving for even greater achievement.
DKPSPRY4004,5996,Obi-Victor Miracle,Basic 4,Third Term,2025/2026,R.N.V,30,45,75,834,75.82,A,Excellent,Excellent performance this term. Keep up the strong commitment and continue striving for even greater achievement.
DKPSPRY4005,1629,Akinwande Samuel,Basic 4,Third Term,2025/2026,English Language,20,8,28,548,49.82,D,Fair,"Fair performance this term. More concentration, regular practice, and consistent effort will help improve your results."
DKPSPRY4005,1629,Akinwande Samuel,Basic 4,Third Term,2025/2026,Mathematics,38,10,48,548,49.82,D,Fair,"Fair performance this term. More concentration, regular practice, and consistent effort will help improve your results."
DKPSPRY4005,1629,Akinwande Samuel,Basic 4,Third Term,2025/2026,B.S.T,26,38,64,548,49.82,D,Fair,"Fair performance this term. More concentration, regular practice, and consistent effort will help improve your results."
DKPSPRY4005,1629,Akinwande Samuel,Basic 4,Third Term,2025/2026,P.H.E,39,29,68,548,49.82,D,Fair,"Fair performance this term. More concentration, regular practice, and consistent effort will help improve your results."
DKPSPRY4005,1629,Akinwande Samuel,Basic 4,Third Term,2025/2026,Digital Technology,40,20,60,548,49.82,D,Fair,"Fair performance this term. More concentration, regular practice, and consistent effort will help improve your results."
DKPSPRY4005,1629,Akinwande Samuel,Basic 4,Third Term,2025/2026,C.C.A,37,10,47,548,49.82,D,Fair,"Fair performance this term. More concentration, regular practice, and consistent effort will help improve your results."
DKPSPRY4005,1629,Akinwande Samuel,Basic 4,Third Term,2025/2026,History,40,10,50,548,49.82,D,Fair,"Fair performance this term. More concentration, regular practice, and consistent effort will help improve your results."
DKPSPRY4005,1629,Akinwande Samuel,Basic 4,Third Term,2025/2026,Yoruba,10,45,55,548,49.82,D,Fair,"Fair performance this term. More concentration, regular practice, and consistent effort will help improve your results."
DKPSPRY4005,1629,Akinwande Samuel,Basic 4,Third Term,2025/2026,P.V.S,20,10,30,548,49.82,D,Fair,"Fair performance this term. More concentration, regular practice, and consistent effort will help improve your results."
DKPSPRY4005,1629,Akinwande Samuel,Basic 4,Third Term,2025/2026,Writing,20,20,40,548,49.82,D,Fair,"Fair performance this term. More concentration, regular practice, and consistent effort will help improve your results."
DKPSPRY4005,1629,Akinwande Samuel,Basic 4,Third Term,2025/2026,R.N.V,23,35,58,548,49.82,D,Fair,"Fair performance this term. More concentration, regular practice, and consistent effort will help improve your results."
DKPSPRY4006,4781,Odubayo Ifeoluwa,Basic 4,Third Term,2025/2026,English Language,39,8,47,571,51.91,C,Good,"Good performance this term. With greater consistency and focused effort, you can make even stronger progress next term."
DKPSPRY4006,4781,Odubayo Ifeoluwa,Basic 4,Third Term,2025/2026,Mathematics,40,10,50,571,51.91,C,Good,"Good performance this term. With greater consistency and focused effort, you can make even stronger progress next term."
DKPSPRY4006,4781,Odubayo Ifeoluwa,Basic 4,Third Term,2025/2026,B.S.T,27,40,67,571,51.91,C,Good,"Good performance this term. With greater consistency and focused effort, you can make even stronger progress next term."
DKPSPRY4006,4781,Odubayo Ifeoluwa,Basic 4,Third Term,2025/2026,P.H.E,40,30,70,571,51.91,C,Good,"Good performance this term. With greater consistency and focused effort, you can make even stronger progress next term."
DKPSPRY4006,4781,Odubayo Ifeoluwa,Basic 4,Third Term,2025/2026,Digital Technology,10,19,29,571,51.91,C,Good,"Good performance this term. With greater consistency and focused effort, you can make even stronger progress next term."
DKPSPRY4006,4781,Odubayo Ifeoluwa,Basic 4,Third Term,2025/2026,C.C.A,23,11,34,571,51.91,C,Good,"Good performance this term. With greater consistency and focused effort, you can make even stronger progress next term."
DKPSPRY4006,4781,Odubayo Ifeoluwa,Basic 4,Third Term,2025/2026,History,20,30,50,571,51.91,C,Good,"Good performance this term. With greater consistency and focused effort, you can make even stronger progress next term."
DKPSPRY4006,4781,Odubayo Ifeoluwa,Basic 4,Third Term,2025/2026,Yoruba,20,45,65,571,51.91,C,Good,"Good performance this term. With greater consistency and focused effort, you can make even stronger progress next term."
DKPSPRY4006,4781,Odubayo Ifeoluwa,Basic 4,Third Term,2025/2026,P.V.S,20,14,34,571,51.91,C,Good,"Good performance this term. With greater consistency and focused effort, you can make even stronger progress next term."
DKPSPRY4006,4781,Odubayo Ifeoluwa,Basic 4,Third Term,2025/2026,Writing,32,48,80,571,51.91,C,Good,"Good performance this term. With greater consistency and focused effort, you can make even stronger progress next term."
DKPSPRY4006,4781,Odubayo Ifeoluwa,Basic 4,Third Term,2025/2026,R.N.V,18,27,45,571,51.91,C,Good,"Good performance this term. With greater consistency and focused effort, you can make even stronger progress next term."
DKPSPRY5001,6231,Abubakar Umar,Basic 5,Third Term,2025/2026,Mathematics,12,11,23,496,49.6,D,Fair,"Fair performance this term. More concentration, regular practice, and consistent effort will help improve your results."
DKPSPRY5001,6231,Abubakar Umar,Basic 5,Third Term,2025/2026,English Language,15,32,47,496,49.6,D,Fair,"Fair performance this term. More concentration, regular practice, and consistent effort will help improve your results."
DKPSPRY5001,6231,Abubakar Umar,Basic 5,Third Term,2025/2026,B.S.T,28,41,69,496,49.6,D,Fair,"Fair performance this term. More concentration, regular practice, and consistent effort will help improve your results."
DKPSPRY5001,6231,Abubakar Umar,Basic 5,Third Term,2025/2026,Digital Tech,40,25,65,496,49.6,D,Fair,"Fair performance this term. More concentration, regular practice, and consistent effort will help improve your results."
DKPSPRY5001,6231,Abubakar Umar,Basic 5,Third Term,2025/2026,Writing,24,36,60,496,49.6,D,Fair,"Fair performance this term. More concentration, regular practice, and consistent effort will help improve your results."
DKPSPRY5001,6231,Abubakar Umar,Basic 5,Third Term,2025/2026,C.C.A,36,21,57,496,49.6,D,Fair,"Fair performance this term. More concentration, regular practice, and consistent effort will help improve your results."
DKPSPRY5001,6231,Abubakar Umar,Basic 5,Third Term,2025/2026,Yoruba,15,30,45,496,49.6,D,Fair,"Fair performance this term. More concentration, regular practice, and consistent effort will help improve your results."
DKPSPRY5001,6231,Abubakar Umar,Basic 5,Third Term,2025/2026,History,28,11,39,496,49.6,D,Fair,"Fair performance this term. More concentration, regular practice, and consistent effort will help improve your results."
DKPSPRY5001,6231,Abubakar Umar,Basic 5,Third Term,2025/2026,P.V.S,20,15,35,496,49.6,D,Fair,"Fair performance this term. More concentration, regular practice, and consistent effort will help improve your results."
DKPSPRY5001,6231,Abubakar Umar,Basic 5,Third Term,2025/2026,R.N.V,22,34,56,496,49.6,D,Fair,"Fair performance this term. More concentration, regular practice, and consistent effort will help improve your results."
DKPSPRY5002,7930,Akinwande Rasheed,Basic 5,Third Term,2025/2026,Mathematics,20,4,24,462,46.2,D,Fair,"Fair performance this term. More concentration, regular practice, and consistent effort will help improve your results."
DKPSPRY5002,7930,Akinwande Rasheed,Basic 5,Third Term,2025/2026,English Language,20,21,41,462,46.2,D,Fair,"Fair performance this term. More concentration, regular practice, and consistent effort will help improve your results."
DKPSPRY5002,7930,Akinwande Rasheed,Basic 5,Third Term,2025/2026,B.S.T,23,35,58,462,46.2,D,Fair,"Fair performance this term. More concentration, regular practice, and consistent effort will help improve your results."
DKPSPRY5002,7930,Akinwande Rasheed,Basic 5,Third Term,2025/2026,Digital Tech,40,20,60,462,46.2,D,Fair,"Fair performance this term. More concentration, regular practice, and consistent effort will help improve your results."
DKPSPRY5002,7930,Akinwande Rasheed,Basic 5,Third Term,2025/2026,Writing,28,42,70,462,46.2,D,Fair,"Fair performance this term. More concentration, regular practice, and consistent effort will help improve your results."
DKPSPRY5002,7930,Akinwande Rasheed,Basic 5,Third Term,2025/2026,C.C.A,20,27,47,462,46.2,D,Fair,"Fair performance this term. More concentration, regular practice, and consistent effort will help improve your results."
DKPSPRY5002,7930,Akinwande Rasheed,Basic 5,Third Term,2025/2026,Yoruba,26,40,66,462,46.2,D,Fair,"Fair performance this term. More concentration, regular practice, and consistent effort will help improve your results."
DKPSPRY5002,7930,Akinwande Rasheed,Basic 5,Third Term,2025/2026,History,20,9,29,462,46.2,D,Fair,"Fair performance this term. More concentration, regular practice, and consistent effort will help improve your results."
DKPSPRY5002,7930,Akinwande Rasheed,Basic 5,Third Term,2025/2026,P.V.S,20,10,30,462,46.2,D,Fair,"Fair performance this term. More concentration, regular practice, and consistent effort will help improve your results."
DKPSPRY5002,7930,Akinwande Rasheed,Basic 5,Third Term,2025/2026,R.N.V,15,22,37,462,46.2,D,Fair,"Fair performance this term. More concentration, regular practice, and consistent effort will help improve your results."
DKPSPRY5003,5632,Aliyu Faruk,Basic 5,Third Term,2025/2026,Mathematics,15,16,31,497,49.7,D,Fair,"Fair performance this term. More concentration, regular practice, and consistent effort will help improve your results."
DKPSPRY5003,5632,Aliyu Faruk,Basic 5,Third Term,2025/2026,English Language,20,43,63,497,49.7,D,Fair,"Fair performance this term. More concentration, regular practice, and consistent effort will help improve your results."
DKPSPRY5003,5632,Aliyu Faruk,Basic 5,Third Term,2025/2026,B.S.T,24,37,61,497,49.7,D,Fair,"Fair performance this term. More concentration, regular practice, and consistent effort will help improve your results."
DKPSPRY5003,5632,Aliyu Faruk,Basic 5,Third Term,2025/2026,Digital Tech,40,18,58,497,49.7,D,Fair,"Fair performance this term. More concentration, regular practice, and consistent effort will help improve your results."
DKPSPRY5003,5632,Aliyu Faruk,Basic 5,Third Term,2025/2026,Writing,32,48,80,497,49.7,D,Fair,"Fair performance this term. More concentration, regular practice, and consistent effort will help improve your results."
DKPSPRY5003,5632,Aliyu Faruk,Basic 5,Third Term,2025/2026,C.C.A,20,21,41,497,49.7,D,Fair,"Fair performance this term. More concentration, regular practice, and consistent effort will help improve your results."
DKPSPRY5003,5632,Aliyu Faruk,Basic 5,Third Term,2025/2026,Yoruba,15,30,45,497,49.7,D,Fair,"Fair performance this term. More concentration, regular practice, and consistent effort will help improve your results."
DKPSPRY5003,5632,Aliyu Faruk,Basic 5,Third Term,2025/2026,History,20,15,35,497,49.7,D,Fair,"Fair performance this term. More concentration, regular practice, and consistent effort will help improve your results."
DKPSPRY5003,5632,Aliyu Faruk,Basic 5,Third Term,2025/2026,P.V.S,20,10,30,497,49.7,D,Fair,"Fair performance this term. More concentration, regular practice, and consistent effort will help improve your results."
DKPSPRY5003,5632,Aliyu Faruk,Basic 5,Third Term,2025/2026,R.N.V,21,32,53,497,49.7,D,Fair,"Fair performance this term. More concentration, regular practice, and consistent effort will help improve your results."
DKPSPRY5004,7420,Akinwande Abdulazeez,Basic 5,Third Term,2025/2026,Mathematics,20,5,25,481,48.1,D,Fair,"Fair performance this term. More concentration, regular practice, and consistent effort will help improve your results."
DKPSPRY5004,7420,Akinwande Abdulazeez,Basic 5,Third Term,2025/2026,English Language,29,20,49,481,48.1,D,Fair,"Fair performance this term. More concentration, regular practice, and consistent effort will help improve your results."
DKPSPRY5004,7420,Akinwande Abdulazeez,Basic 5,Third Term,2025/2026,B.S.T,21,32,53,481,48.1,D,Fair,"Fair performance this term. More concentration, regular practice, and consistent effort will help improve your results."
DKPSPRY5004,7420,Akinwande Abdulazeez,Basic 5,Third Term,2025/2026,Digital Tech,28,20,48,481,48.1,D,Fair,"Fair performance this term. More concentration, regular practice, and consistent effort will help improve your results."
DKPSPRY5004,7420,Akinwande Abdulazeez,Basic 5,Third Term,2025/2026,Writing,32,48,80,481,48.1,D,Fair,"Fair performance this term. More concentration, regular practice, and consistent effort will help improve your results."
DKPSPRY5004,7420,Akinwande Abdulazeez,Basic 5,Third Term,2025/2026,C.C.A,32,16,48,481,48.1,D,Fair,"Fair performance this term. More concentration, regular practice, and consistent effort will help improve your results."
DKPSPRY5004,7420,Akinwande Abdulazeez,Basic 5,Third Term,2025/2026,Yoruba,15,30,45,481,48.1,D,Fair,"Fair performance this term. More concentration, regular practice, and consistent effort will help improve your results."
DKPSPRY5004,7420,Akinwande Abdulazeez,Basic 5,Third Term,2025/2026,History,24,9,33,481,48.1,D,Fair,"Fair performance this term. More concentration, regular practice, and consistent effort will help improve your results."
DKPSPRY5004,7420,Akinwande Abdulazeez,Basic 5,Third Term,2025/2026,P.V.S,20,19,39,481,48.1,D,Fair,"Fair performance this term. More concentration, regular practice, and consistent effort will help improve your results."
DKPSPRY5004,7420,Akinwande Abdulazeez,Basic 5,Third Term,2025/2026,R.N.V,24,37,61,481,48.1,D,Fair,"Fair performance this term. More concentration, regular practice, and consistent effort will help improve your results."
DKPSPRY5005,8256,Saminu Hafsat,Basic 5,Third Term,2025/2026,Mathematics,12,14,26,509,50.9,C,Good,"Good performance this term. With greater consistency and focused effort, you can make even stronger progress next term."
DKPSPRY5005,8256,Saminu Hafsat,Basic 5,Third Term,2025/2026,English Language,10,33,43,509,50.9,C,Good,"Good performance this term. With greater consistency and focused effort, you can make even stronger progress next term."
DKPSPRY5005,8256,Saminu Hafsat,Basic 5,Third Term,2025/2026,B.S.T,26,40,66,509,50.9,C,Good,"Good performance this term. With greater consistency and focused effort, you can make even stronger progress next term."
DKPSPRY5005,8256,Saminu Hafsat,Basic 5,Third Term,2025/2026,Digital Tech,40,34,74,509,50.9,C,Good,"Good performance this term. With greater consistency and focused effort, you can make even stronger progress next term."
DKPSPRY5005,8256,Saminu Hafsat,Basic 5,Third Term,2025/2026,Writing,32,48,80,509,50.9,C,Good,"Good performance this term. With greater consistency and focused effort, you can make even stronger progress next term."
DKPSPRY5005,8256,Saminu Hafsat,Basic 5,Third Term,2025/2026,C.C.A,32,31,63,509,50.9,C,Good,"Good performance this term. With greater consistency and focused effort, you can make even stronger progress next term."
DKPSPRY5005,8256,Saminu Hafsat,Basic 5,Third Term,2025/2026,Yoruba,15,30,45,509,50.9,C,Good,"Good performance this term. With greater consistency and focused effort, you can make even stronger progress next term."
DKPSPRY5005,8256,Saminu Hafsat,Basic 5,Third Term,2025/2026,History,12,12,24,509,50.9,C,Good,"Good performance this term. With greater consistency and focused effort, you can make even stronger progress next term."
DKPSPRY5005,8256,Saminu Hafsat,Basic 5,Third Term,2025/2026,P.V.S,36,6,42,509,50.9,C,Good,"Good performance this term. With greater consistency and focused effort, you can make even stronger progress next term."
DKPSPRY5005,8256,Saminu Hafsat,Basic 5,Third Term,2025/2026,R.N.V,18,28,46,509,50.9,C,Good,"Good performance this term. With greater consistency and focused effort, you can make even stronger progress next term."
DKPSPRY5006,9872,Taiwo Mustapha,Basic 5,Third Term,2025/2026,Mathematics,28,12,40,596,59.6,C,Good,"Good performance this term. With greater consistency and focused effort, you can make even stronger progress next term."
DKPSPRY5006,9872,Taiwo Mustapha,Basic 5,Third Term,2025/2026,English Language,32,33,65,596,59.6,C,Good,"Good performance this term. With greater consistency and focused effort, you can make even stronger progress next term."
DKPSPRY5006,9872,Taiwo Mustapha,Basic 5,Third Term,2025/2026,B.S.T,26,38,64,596,59.6,C,Good,"Good performance this term. With greater consistency and focused effort, you can make even stronger progress next term."
DKPSPRY5006,9872,Taiwo Mustapha,Basic 5,Third Term,2025/2026,Digital Tech,40,30,70,596,59.6,C,Good,"Good performance this term. With greater consistency and focused effort, you can make even stronger progress next term."
DKPSPRY5006,9872,Taiwo Mustapha,Basic 5,Third Term,2025/2026,Writing,36,54,90,596,59.6,C,Good,"Good performance this term. With greater consistency and focused effort, you can make even stronger progress next term."
DKPSPRY5006,9872,Taiwo Mustapha,Basic 5,Third Term,2025/2026,C.C.A,12,25,37,596,59.6,C,Good,"Good performance this term. With greater consistency and focused effort, you can make even stronger progress next term."
DKPSPRY5006,9872,Taiwo Mustapha,Basic 5,Third Term,2025/2026,Yoruba,30,46,76,596,59.6,C,Good,"Good performance this term. With greater consistency and focused effort, you can make even stronger progress next term."
DKPSPRY5006,9872,Taiwo Mustapha,Basic 5,Third Term,2025/2026,History,32,14,46,596,59.6,C,Good,"Good performance this term. With greater consistency and focused effort, you can make even stronger progress next term."
DKPSPRY5006,9872,Taiwo Mustapha,Basic 5,Third Term,2025/2026,P.V.S,40,14,54,596,59.6,C,Good,"Good performance this term. With greater consistency and focused effort, you can make even stronger progress next term."
DKPSPRY5006,9872,Taiwo Mustapha,Basic 5,Third Term,2025/2026,R.N.V,22,32,54,596,59.6,C,Good,"Good performance this term. With greater consistency and focused effort, you can make even stronger progress next term."
DKPSPRY5007,5742,Usman Amirat,Basic 5,Third Term,2025/2026,Mathematics,30,42,72,693,69.3,B,Very Good,Very good performance this term. Maintain your dedication to learning and continue working toward higher achievement.
DKPSPRY5007,5742,Usman Amirat,Basic 5,Third Term,2025/2026,English Language,34,47,81,693,69.3,B,Very Good,Very good performance this term. Maintain your dedication to learning and continue working toward higher achievement.
DKPSPRY5007,5742,Usman Amirat,Basic 5,Third Term,2025/2026,B.S.T,36,40,76,693,69.3,B,Very Good,Very good performance this term. Maintain your dedication to learning and continue working toward higher achievement.
DKPSPRY5007,5742,Usman Amirat,Basic 5,Third Term,2025/2026,Digital Tech,40,30,70,693,69.3,B,Very Good,Very good performance this term. Maintain your dedication to learning and continue working toward higher achievement.
DKPSPRY5007,5742,Usman Amirat,Basic 5,Third Term,2025/2026,Writing,32,48,80,693,69.3,B,Very Good,Very good performance this term. Maintain your dedication to learning and continue working toward higher achievement.
DKPSPRY5007,5742,Usman Amirat,Basic 5,Third Term,2025/2026,C.C.A,20,45,65,693,69.3,B,Very Good,Very good performance this term. Maintain your dedication to learning and continue working toward higher achievement.
DKPSPRY5007,5742,Usman Amirat,Basic 5,Third Term,2025/2026,Yoruba,15,30,45,693,69.3,B,Very Good,Very good performance this term. Maintain your dedication to learning and continue working toward higher achievement.
DKPSPRY5007,5742,Usman Amirat,Basic 5,Third Term,2025/2026,History,20,48,68,693,69.3,B,Very Good,Very good performance this term. Maintain your dedication to learning and continue working toward higher achievement.
DKPSPRY5007,5742,Usman Amirat,Basic 5,Third Term,2025/2026,P.V.S,12,50,62,693,69.3,B,Very Good,Very good performance this term. Maintain your dedication to learning and continue working toward higher achievement.
DKPSPRY5007,5742,Usman Amirat,Basic 5,Third Term,2025/2026,R.N.V,29,45,74,693,69.3,B,Very Good,Very good performance this term. Maintain your dedication to learning and continue working toward higher achievement.
DKPSPRY5008,4377,Tiamiyu Teslim,Basic 5,Third Term,2025/2026,Mathematics,30,24,54,501,50.1,C,Good,"Good performance this term. With greater consistency and focused effort, you can make even stronger progress next term."
DKPSPRY5008,4377,Tiamiyu Teslim,Basic 5,Third Term,2025/2026,English Language,20,37,57,501,50.1,C,Good,"Good performance this term. With greater consistency and focused effort, you can make even stronger progress next term."
DKPSPRY5008,4377,Tiamiyu Teslim,Basic 5,Third Term,2025/2026,B.S.T,20,31,51,501,50.1,C,Good,"Good performance this term. With greater consistency and focused effort, you can make even stronger progress next term."
DKPSPRY5008,4377,Tiamiyu Teslim,Basic 5,Third Term,2025/2026,Digital Tech,40,25,65,501,50.1,C,Good,"Good performance this term. With greater consistency and focused effort, you can make even stronger progress next term."
DKPSPRY5008,4377,Tiamiyu Teslim,Basic 5,Third Term,2025/2026,Writing,24,36,60,501,50.1,C,Good,"Good performance this term. With greater consistency and focused effort, you can make even stronger progress next term."
DKPSPRY5008,4377,Tiamiyu Teslim,Basic 5,Third Term,2025/2026,C.C.A,20,27,47,501,50.1,C,Good,"Good performance this term. With greater consistency and focused effort, you can make even stronger progress next term."
DKPSPRY5008,4377,Tiamiyu Teslim,Basic 5,Third Term,2025/2026,Yoruba,18,28,46,501,50.1,C,Good,"Good performance this term. With greater consistency and focused effort, you can make even stronger progress next term."
DKPSPRY5008,4377,Tiamiyu Teslim,Basic 5,Third Term,2025/2026,History,20,14,34,501,50.1,C,Good,"Good performance this term. With greater consistency and focused effort, you can make even stronger progress next term."
DKPSPRY5008,4377,Tiamiyu Teslim,Basic 5,Third Term,2025/2026,P.V.S,20,11,31,501,50.1,C,Good,"Good performance this term. With greater consistency and focused effort, you can make even stronger progress next term."
DKPSPRY5008,4377,Tiamiyu Teslim,Basic 5,Third Term,2025/2026,R.N.V,22,34,56,501,50.1,C,Good,"Good performance this term. With greater consistency and focused effort, you can make even stronger progress next term."
DKPSPRY5009,1894,Akinwande Samuel,Basic 5,Third Term,2025/2026,Mathematics,30,22,52,536,53.6,C,Good,"Good performance this term. With greater consistency and focused effort, you can make even stronger progress next term."
DKPSPRY5009,1894,Akinwande Samuel,Basic 5,Third Term,2025/2026,English Language,22,33,55,536,53.6,C,Good,"Good performance this term. With greater consistency and focused effort, you can make even stronger progress next term."
DKPSPRY5009,1894,Akinwande Samuel,Basic 5,Third Term,2025/2026,B.S.T,24,36,60,536,53.6,C,Good,"Good performance this term. With greater consistency and focused effort, you can make even stronger progress next term."
DKPSPRY5009,1894,Akinwande Samuel,Basic 5,Third Term,2025/2026,Digital Tech,40,20,60,536,53.6,C,Good,"Good performance this term. With greater consistency and focused effort, you can make even stronger progress next term."
DKPSPRY5009,1894,Akinwande Samuel,Basic 5,Third Term,2025/2026,Writing,24,36,60,536,53.6,C,Good,"Good performance this term. With greater consistency and focused effort, you can make even stronger progress next term."
DKPSPRY5009,1894,Akinwande Samuel,Basic 5,Third Term,2025/2026,C.C.A,20,30,50,536,53.6,C,Good,"Good performance this term. With greater consistency and focused effort, you can make even stronger progress next term."
DKPSPRY5009,1894,Akinwande Samuel,Basic 5,Third Term,2025/2026,Yoruba,27,41,68,536,53.6,C,Good,"Good performance this term. With greater consistency and focused effort, you can make even stronger progress next term."
DKPSPRY5009,1894,Akinwande Samuel,Basic 5,Third Term,2025/2026,History,20,13,33,536,53.6,C,Good,"Good performance this term. With greater consistency and focused effort, you can make even stronger progress next term."
DKPSPRY5009,1894,Akinwande Samuel,Basic 5,Third Term,2025/2026,P.V.S,20,21,41,536,53.6,C,Good,"Good performance this term. With greater consistency and focused effort, you can make even stronger progress next term."
DKPSPRY5009,1894,Akinwande Samuel,Basic 5,Third Term,2025/2026,R.N.V,23,34,57,536,53.6,C,Good,"Good performance this term. With greater consistency and focused effort, you can make even stronger progress next term."
DKPSPRY5010,7149,Matthew Precious,Basic 5,Third Term,2025/2026,Mathematics,20,25,45,434,43.4,E,Pass,You have made a fair effort this term. More attention to your studies and steady practice will help strengthen your performance.
DKPSPRY5010,7149,Matthew Precious,Basic 5,Third Term,2025/2026,English Language,21,23,44,434,43.4,E,Pass,You have made a fair effort this term. More attention to your studies and steady practice will help strengthen your performance.
DKPSPRY5010,7149,Matthew Precious,Basic 5,Third Term,2025/2026,B.S.T,15,22,37,434,43.4,E,Pass,You have made a fair effort this term. More attention to your studies and steady practice will help strengthen your performance.
DKPSPRY5010,7149,Matthew Precious,Basic 5,Third Term,2025/2026,Digital Tech,40,19,59,434,43.4,E,Pass,You have made a fair effort this term. More attention to your studies and steady practice will help strengthen your performance.
DKPSPRY5010,7149,Matthew Precious,Basic 5,Third Term,2025/2026,Writing,24,36,60,434,43.4,E,Pass,You have made a fair effort this term. More attention to your studies and steady practice will help strengthen your performance.
DKPSPRY5010,7149,Matthew Precious,Basic 5,Third Term,2025/2026,C.C.A,20,19,39,434,43.4,E,Pass,You have made a fair effort this term. More attention to your studies and steady practice will help strengthen your performance.
DKPSPRY5010,7149,Matthew Precious,Basic 5,Third Term,2025/2026,Yoruba,18,26,44,434,43.4,E,Pass,You have made a fair effort this term. More attention to your studies and steady practice will help strengthen your performance.
DKPSPRY5010,7149,Matthew Precious,Basic 5,Third Term,2025/2026,History,20,8,28,434,43.4,E,Pass,You have made a fair effort this term. More attention to your studies and steady practice will help strengthen your performance.
DKPSPRY5010,7149,Matthew Precious,Basic 5,Third Term,2025/2026,P.V.S,20,15,35,434,43.4,E,Pass,You have made a fair effort this term. More attention to your studies and steady practice will help strengthen your performance.
DKPSPRY5010,7149,Matthew Precious,Basic 5,Third Term,2025/2026,R.N.V,17,26,43,434,43.4,E,Pass,You have made a fair effort this term. More attention to your studies and steady practice will help strengthen your performance.
DKPSJSS1001,3374,Olaseni Mutiat,JSS 1,Third Term,2025/2026,English Language,18,36,54,632,52.67,C,Good,"Good performance this term. With greater consistency and focused effort, you can make even stronger progress next term."
DKPSJSS1001,3374,Olaseni Mutiat,JSS 1,Third Term,2025/2026,Mathematics,21,35,56,632,52.67,C,Good,"Good performance this term. With greater consistency and focused effort, you can make even stronger progress next term."
DKPSJSS1001,3374,Olaseni Mutiat,JSS 1,Third Term,2025/2026,P.H.E,30,26,56,632,52.67,C,Good,"Good performance this term. With greater consistency and focused effort, you can make even stronger progress next term."
DKPSJSS1001,3374,Olaseni Mutiat,JSS 1,Third Term,2025/2026,Digital Technology,23,32,55,632,52.67,C,Good,"Good performance this term. With greater consistency and focused effort, you can make even stronger progress next term."
DKPSJSS1001,3374,Olaseni Mutiat,JSS 1,Third Term,2025/2026,Business Studies,10,26,36,632,52.67,C,Good,"Good performance this term. With greater consistency and focused effort, you can make even stronger progress next term."
DKPSJSS1001,3374,Olaseni Mutiat,JSS 1,Third Term,2025/2026,C.R.S,14,17,31,632,52.67,C,Good,"Good performance this term. With greater consistency and focused effort, you can make even stronger progress next term."
DKPSJSS1001,3374,Olaseni Mutiat,JSS 1,Third Term,2025/2026,History,16,39,55,632,52.67,C,Good,"Good performance this term. With greater consistency and focused effort, you can make even stronger progress next term."
DKPSJSS1001,3374,Olaseni Mutiat,JSS 1,Third Term,2025/2026,Horticulture,30,30,60,632,52.67,C,Good,"Good performance this term. With greater consistency and focused effort, you can make even stronger progress next term."
DKPSJSS1001,3374,Olaseni Mutiat,JSS 1,Third Term,2025/2026,Citizenship Education,29,44,73,632,52.67,C,Good,"Good performance this term. With greater consistency and focused effort, you can make even stronger progress next term."
DKPSJSS1001,3374,Olaseni Mutiat,JSS 1,Third Term,2025/2026,C.C.A,5,51,56,632,52.67,C,Good,"Good performance this term. With greater consistency and focused effort, you can make even stronger progress next term."
DKPSJSS1001,3374,Olaseni Mutiat,JSS 1,Third Term,2025/2026,Intermediate Science,9,26,35,632,52.67,C,Good,"Good performance this term. With greater consistency and focused effort, you can make even stronger progress next term."
DKPSJSS1001,3374,Olaseni Mutiat,JSS 1,Third Term,2025/2026,Yoruba,26,39,65,632,52.67,C,Good,"Good performance this term. With greater consistency and focused effort, you can make even stronger progress next term."
DKPSJSS1002,2582,James Rejoice,JSS 1,Third Term,2025/2026,English Language,32,42,74,793,66.08,B,Very Good,Very good performance this term. Maintain your dedication to learning and continue working toward higher achievement.
DKPSJSS1002,2582,James Rejoice,JSS 1,Third Term,2025/2026,Mathematics,40,26,66,793,66.08,B,Very Good,Very good performance this term. Maintain your dedication to learning and continue working toward higher achievement.
DKPSJSS1002,2582,James Rejoice,JSS 1,Third Term,2025/2026,P.H.E,32,33,65,793,66.08,B,Very Good,Very good performance this term. Maintain your dedication to learning and continue working toward higher achievement.
DKPSJSS1002,2582,James Rejoice,JSS 1,Third Term,2025/2026,Digital Technology,31,54,85,793,66.08,B,Very Good,Very good performance this term. Maintain your dedication to learning and continue working toward higher achievement.
DKPSJSS1002,2582,James Rejoice,JSS 1,Third Term,2025/2026,Business Studies,6,31,37,793,66.08,B,Very Good,Very good performance this term. Maintain your dedication to learning and continue working toward higher achievement.
DKPSJSS1002,2582,James Rejoice,JSS 1,Third Term,2025/2026,C.R.S,18,30,48,793,66.08,B,Very Good,Very good performance this term. Maintain your dedication to learning and continue working toward higher achievement.
DKPSJSS1002,2582,James Rejoice,JSS 1,Third Term,2025/2026,History,18,45,63,793,66.08,B,Very Good,Very good performance this term. Maintain your dedication to learning and continue working toward higher achievement.
DKPSJSS1002,2582,James Rejoice,JSS 1,Third Term,2025/2026,Horticulture,30,37,67,793,66.08,B,Very Good,Very good performance this term. Maintain your dedication to learning and continue working toward higher achievement.
DKPSJSS1002,2582,James Rejoice,JSS 1,Third Term,2025/2026,Citizenship Education,35,53,88,793,66.08,B,Very Good,Very good performance this term. Maintain your dedication to learning and continue working toward higher achievement.
DKPSJSS1002,2582,James Rejoice,JSS 1,Third Term,2025/2026,C.C.A,37,52,89,793,66.08,B,Very Good,Very good performance this term. Maintain your dedication to learning and continue working toward higher achievement.
DKPSJSS1002,2582,James Rejoice,JSS 1,Third Term,2025/2026,Intermediate Science,14,34,48,793,66.08,B,Very Good,Very good performance this term. Maintain your dedication to learning and continue working toward higher achievement.
DKPSJSS1002,2582,James Rejoice,JSS 1,Third Term,2025/2026,Yoruba,25,38,63,793,66.08,B,Very Good,Very good performance this term. Maintain your dedication to learning and continue working toward higher achievement.
DKPSJSS1003,4269,Francis Israel,JSS 1,Third Term,2025/2026,English Language,20,32,52,538,44.83,E,Pass,You have made a fair effort this term. More attention to your studies and steady practice will help strengthen your performance.
DKPSJSS1003,4269,Francis Israel,JSS 1,Third Term,2025/2026,Mathematics,18,26,44,538,44.83,E,Pass,You have made a fair effort this term. More attention to your studies and steady practice will help strengthen your performance.
DKPSJSS1003,4269,Francis Israel,JSS 1,Third Term,2025/2026,P.H.E,15,29,44,538,44.83,E,Pass,You have made a fair effort this term. More attention to your studies and steady practice will help strengthen your performance.
DKPSJSS1003,4269,Francis Israel,JSS 1,Third Term,2025/2026,Digital Technology,27,52,79,538,44.83,E,Pass,You have made a fair effort this term. More attention to your studies and steady practice will help strengthen your performance.
DKPSJSS1003,4269,Francis Israel,JSS 1,Third Term,2025/2026,Business Studies,10,16,26,538,44.83,E,Pass,You have made a fair effort this term. More attention to your studies and steady practice will help strengthen your performance.
DKPSJSS1003,4269,Francis Israel,JSS 1,Third Term,2025/2026,C.R.S,12,20,32,538,44.83,E,Pass,You have made a fair effort this term. More attention to your studies and steady practice will help strengthen your performance.
DKPSJSS1003,4269,Francis Israel,JSS 1,Third Term,2025/2026,History,10,22,32,538,44.83,E,Pass,You have made a fair effort this term. More attention to your studies and steady practice will help strengthen your performance.
DKPSJSS1003,4269,Francis Israel,JSS 1,Third Term,2025/2026,Horticulture,20,22,42,538,44.83,E,Pass,You have made a fair effort this term. More attention to your studies and steady practice will help strengthen your performance.
DKPSJSS1003,4269,Francis Israel,JSS 1,Third Term,2025/2026,Citizenship Education,25,38,63,538,44.83,E,Pass,You have made a fair effort this term. More attention to your studies and steady practice will help strengthen your performance.
DKPSJSS1003,4269,Francis Israel,JSS 1,Third Term,2025/2026,C.C.A,4,39,43,538,44.83,E,Pass,You have made a fair effort this term. More attention to your studies and steady practice will help strengthen your performance.
DKPSJSS1003,4269,Francis Israel,JSS 1,Third Term,2025/2026,Intermediate Science,1,23,24,538,44.83,E,Pass,You have made a fair effort this term. More attention to your studies and steady practice will help strengthen your performance.
DKPSJSS1003,4269,Francis Israel,JSS 1,Third Term,2025/2026,Yoruba,23,34,57,538,44.83,E,Pass,You have made a fair effort this term. More attention to your studies and steady practice will help strengthen your performance.
DKPSJSS1004,8265,Popoola Darasimi,JSS 1,Third Term,2025/2026,English Language,39,45,84,910,75.83,A,Excellent,Excellent performance this term. Keep up the strong commitment and continue striving for even greater achievement.
DKPSJSS1004,8265,Popoola Darasimi,JSS 1,Third Term,2025/2026,Mathematics,40,39,79,910,75.83,A,Excellent,Excellent performance this term. Keep up the strong commitment and continue striving for even greater achievement.
DKPSJSS1004,8265,Popoola Darasimi,JSS 1,Third Term,2025/2026,P.H.E,36,40,76,910,75.83,A,Excellent,Excellent performance this term. Keep up the strong commitment and continue striving for even greater achievement.
DKPSJSS1004,8265,Popoola Darasimi,JSS 1,Third Term,2025/2026,Digital Technology,38,52,90,910,75.83,A,Excellent,Excellent performance this term. Keep up the strong commitment and continue striving for even greater achievement.
DKPSJSS1004,8265,Popoola Darasimi,JSS 1,Third Term,2025/2026,Business Studies,22,40,62,910,75.83,A,Excellent,Excellent performance this term. Keep up the strong commitment and continue striving for even greater achievement.
DKPSJSS1004,8265,Popoola Darasimi,JSS 1,Third Term,2025/2026,C.R.S,9,37,46,910,75.83,A,Excellent,Excellent performance this term. Keep up the strong commitment and continue striving for even greater achievement.
DKPSJSS1004,8265,Popoola Darasimi,JSS 1,Third Term,2025/2026,History,32,48,80,910,75.83,A,Excellent,Excellent performance this term. Keep up the strong commitment and continue striving for even greater achievement.
DKPSJSS1004,8265,Popoola Darasimi,JSS 1,Third Term,2025/2026,Horticulture,40,48,88,910,75.83,A,Excellent,Excellent performance this term. Keep up the strong commitment and continue striving for even greater achievement.
DKPSJSS1004,8265,Popoola Darasimi,JSS 1,Third Term,2025/2026,Citizenship Education,33,49,82,910,75.83,A,Excellent,Excellent performance this term. Keep up the strong commitment and continue striving for even greater achievement.
DKPSJSS1004,8265,Popoola Darasimi,JSS 1,Third Term,2025/2026,C.C.A,35,53,88,910,75.83,A,Excellent,Excellent performance this term. Keep up the strong commitment and continue striving for even greater achievement.
DKPSJSS1004,8265,Popoola Darasimi,JSS 1,Third Term,2025/2026,Intermediate Science,25,38,63,910,75.83,A,Excellent,Excellent performance this term. Keep up the strong commitment and continue striving for even greater achievement.
DKPSJSS1004,8265,Popoola Darasimi,JSS 1,Third Term,2025/2026,Yoruba,29,43,72,910,75.83,A,Excellent,Excellent performance this term. Keep up the strong commitment and continue striving for even greater achievement.
DKPSJSS1005,2345,Akinsola Rodiyat,JSS 1,Third Term,2025/2026,English Language,20,35,55,535,44.58,E,Pass,You have made a fair effort this term. More attention to your studies and steady practice will help strengthen your performance.
DKPSJSS1005,2345,Akinsola Rodiyat,JSS 1,Third Term,2025/2026,Mathematics,20,31,51,535,44.58,E,Pass,You have made a fair effort this term. More attention to your studies and steady practice will help strengthen your performance.
DKPSJSS1005,2345,Akinsola Rodiyat,JSS 1,Third Term,2025/2026,P.H.E,10,22,32,535,44.58,E,Pass,You have made a fair effort this term. More attention to your studies and steady practice will help strengthen your performance.
DKPSJSS1005,2345,Akinsola Rodiyat,JSS 1,Third Term,2025/2026,Digital Technology,25,56,81,535,44.58,E,Pass,You have made a fair effort this term. More attention to your studies and steady practice will help strengthen your performance.
DKPSJSS1005,2345,Akinsola Rodiyat,JSS 1,Third Term,2025/2026,Business Studies,5,10,15,535,44.58,E,Pass,You have made a fair effort this term. More attention to your studies and steady practice will help strengthen your performance.
DKPSJSS1005,2345,Akinsola Rodiyat,JSS 1,Third Term,2025/2026,C.R.S,12,17,29,535,44.58,E,Pass,You have made a fair effort this term. More attention to your studies and steady practice will help strengthen your performance.
DKPSJSS1005,2345,Akinsola Rodiyat,JSS 1,Third Term,2025/2026,History,5,32,37,535,44.58,E,Pass,You have made a fair effort this term. More attention to your studies and steady practice will help strengthen your performance.
DKPSJSS1005,2345,Akinsola Rodiyat,JSS 1,Third Term,2025/2026,Horticulture,40,30,70,535,44.58,E,Pass,You have made a fair effort this term. More attention to your studies and steady practice will help strengthen your performance.
DKPSJSS1005,2345,Akinsola Rodiyat,JSS 1,Third Term,2025/2026,Citizenship Education,21,32,53,535,44.58,E,Pass,You have made a fair effort this term. More attention to your studies and steady practice will help strengthen your performance.
DKPSJSS1005,2345,Akinsola Rodiyat,JSS 1,Third Term,2025/2026,C.C.A,6,40,46,535,44.58,E,Pass,You have made a fair effort this term. More attention to your studies and steady practice will help strengthen your performance.
DKPSJSS1005,2345,Akinsola Rodiyat,JSS 1,Third Term,2025/2026,Intermediate Science,1,13,14,535,44.58,E,Pass,You have made a fair effort this term. More attention to your studies and steady practice will help strengthen your performance.
DKPSJSS1005,2345,Akinsola Rodiyat,JSS 1,Third Term,2025/2026,Yoruba,21,31,52,535,44.58,E,Pass,You have made a fair effort this term. More attention to your studies and steady practice will help strengthen your performance.
DKPSJSS1006,8919,Aliyu Abba,JSS 1,Third Term,2025/2026,English Language,10,38,48,543,45.25,D,Fair,"Fair performance this term. More concentration, regular practice, and consistent effort will help improve your results."
DKPSJSS1006,8919,Aliyu Abba,JSS 1,Third Term,2025/2026,Mathematics,10,28,38,543,45.25,D,Fair,"Fair performance this term. More concentration, regular practice, and consistent effort will help improve your results."
DKPSJSS1006,8919,Aliyu Abba,JSS 1,Third Term,2025/2026,P.H.E,10,20,30,543,45.25,D,Fair,"Fair performance this term. More concentration, regular practice, and consistent effort will help improve your results."
DKPSJSS1006,8919,Aliyu Abba,JSS 1,Third Term,2025/2026,Digital Technology,10,60,70,543,45.25,D,Fair,"Fair performance this term. More concentration, regular practice, and consistent effort will help improve your results."
DKPSJSS1006,8919,Aliyu Abba,JSS 1,Third Term,2025/2026,Business Studies,5,14,19,543,45.25,D,Fair,"Fair performance this term. More concentration, regular practice, and consistent effort will help improve your results."
DKPSJSS1006,8919,Aliyu Abba,JSS 1,Third Term,2025/2026,C.R.S,5,23,28,543,45.25,D,Fair,"Fair performance this term. More concentration, regular practice, and consistent effort will help improve your results."
DKPSJSS1006,8919,Aliyu Abba,JSS 1,Third Term,2025/2026,History,5,24,29,543,45.25,D,Fair,"Fair performance this term. More concentration, regular practice, and consistent effort will help improve your results."
DKPSJSS1006,8919,Aliyu Abba,JSS 1,Third Term,2025/2026,Horticulture,40,45,85,543,45.25,D,Fair,"Fair performance this term. More concentration, regular practice, and consistent effort will help improve your results."
DKPSJSS1006,8919,Aliyu Abba,JSS 1,Third Term,2025/2026,Citizenship Education,26,39,65,543,45.25,D,Fair,"Fair performance this term. More concentration, regular practice, and consistent effort will help improve your results."
DKPSJSS1006,8919,Aliyu Abba,JSS 1,Third Term,2025/2026,C.C.A,2,47,49,543,45.25,D,Fair,"Fair performance this term. More concentration, regular practice, and consistent effort will help improve your results."
DKPSJSS1006,8919,Aliyu Abba,JSS 1,Third Term,2025/2026,Intermediate Science,0,25,25,543,45.25,D,Fair,"Fair performance this term. More concentration, regular practice, and consistent effort will help improve your results."
DKPSJSS1006,8919,Aliyu Abba,JSS 1,Third Term,2025/2026,Yoruba,23,34,57,543,45.25,D,Fair,"Fair performance this term. More concentration, regular practice, and consistent effort will help improve your results."
DKPSJSS2001,9978,Oladokun Ashabi,JSS 2,Third Term,2025/2026,English Language,20,20,40,553,46.08,D,Fair,"Fair performance this term. More concentration, regular practice, and consistent effort will help improve your results."
DKPSJSS2001,9978,Oladokun Ashabi,JSS 2,Third Term,2025/2026,Mathematics,18,29,47,553,46.08,D,Fair,"Fair performance this term. More concentration, regular practice, and consistent effort will help improve your results."
DKPSJSS2001,9978,Oladokun Ashabi,JSS 2,Third Term,2025/2026,P.H.E,25,25,50,553,46.08,D,Fair,"Fair performance this term. More concentration, regular practice, and consistent effort will help improve your results."
DKPSJSS2001,9978,Oladokun Ashabi,JSS 2,Third Term,2025/2026,Digital Technology,21,32,53,553,46.08,D,Fair,"Fair performance this term. More concentration, regular practice, and consistent effort will help improve your results."
DKPSJSS2001,9978,Oladokun Ashabi,JSS 2,Third Term,2025/2026,Business Studies,13,17,30,553,46.08,D,Fair,"Fair performance this term. More concentration, regular practice, and consistent effort will help improve your results."
DKPSJSS2001,9978,Oladokun Ashabi,JSS 2,Third Term,2025/2026,C.R.S,16,13,29,553,46.08,D,Fair,"Fair performance this term. More concentration, regular practice, and consistent effort will help improve your results."
DKPSJSS2001,9978,Oladokun Ashabi,JSS 2,Third Term,2025/2026,History,21,37,58,553,46.08,D,Fair,"Fair performance this term. More concentration, regular practice, and consistent effort will help improve your results."
DKPSJSS2001,9978,Oladokun Ashabi,JSS 2,Third Term,2025/2026,Horticulture,30,22,52,553,46.08,D,Fair,"Fair performance this term. More concentration, regular practice, and consistent effort will help improve your results."
DKPSJSS2001,9978,Oladokun Ashabi,JSS 2,Third Term,2025/2026,Citizenship Education,19,29,48,553,46.08,D,Fair,"Fair performance this term. More concentration, regular practice, and consistent effort will help improve your results."
DKPSJSS2001,9978,Oladokun Ashabi,JSS 2,Third Term,2025/2026,C.C.A,24,37,61,553,46.08,D,Fair,"Fair performance this term. More concentration, regular practice, and consistent effort will help improve your results."
DKPSJSS2001,9978,Oladokun Ashabi,JSS 2,Third Term,2025/2026,Intermediate Science,9,14,23,553,46.08,D,Fair,"Fair performance this term. More concentration, regular practice, and consistent effort will help improve your results."
DKPSJSS2001,9978,Oladokun Ashabi,JSS 2,Third Term,2025/2026,Yoruba,25,37,62,553,46.08,D,Fair,"Fair performance this term. More concentration, regular practice, and consistent effort will help improve your results."
DKPSJSS2002,3089,Liadi Odunayo,JSS 2,Third Term,2025/2026,English Language,21,22,43,576,48.0,D,Fair,"Fair performance this term. More concentration, regular practice, and consistent effort will help improve your results."
DKPSJSS2002,3089,Liadi Odunayo,JSS 2,Third Term,2025/2026,Mathematics,20,34,54,576,48.0,D,Fair,"Fair performance this term. More concentration, regular practice, and consistent effort will help improve your results."
DKPSJSS2002,3089,Liadi Odunayo,JSS 2,Third Term,2025/2026,P.H.E,21,30,51,576,48.0,D,Fair,"Fair performance this term. More concentration, regular practice, and consistent effort will help improve your results."
DKPSJSS2002,3089,Liadi Odunayo,JSS 2,Third Term,2025/2026,Digital Technology,20,12,32,576,48.0,D,Fair,"Fair performance this term. More concentration, regular practice, and consistent effort will help improve your results."
DKPSJSS2002,3089,Liadi Odunayo,JSS 2,Third Term,2025/2026,Business Studies,10,21,31,576,48.0,D,Fair,"Fair performance this term. More concentration, regular practice, and consistent effort will help improve your results."
DKPSJSS2002,3089,Liadi Odunayo,JSS 2,Third Term,2025/2026,C.R.S,10,16,26,576,48.0,D,Fair,"Fair performance this term. More concentration, regular practice, and consistent effort will help improve your results."
DKPSJSS2002,3089,Liadi Odunayo,JSS 2,Third Term,2025/2026,History,10,40,50,576,48.0,D,Fair,"Fair performance this term. More concentration, regular practice, and consistent effort will help improve your results."
DKPSJSS2002,3089,Liadi Odunayo,JSS 2,Third Term,2025/2026,Horticulture,20,13,33,576,48.0,D,Fair,"Fair performance this term. More concentration, regular practice, and consistent effort will help improve your results."
DKPSJSS2002,3089,Liadi Odunayo,JSS 2,Third Term,2025/2026,Citizenship Education,38,57,95,576,48.0,D,Fair,"Fair performance this term. More concentration, regular practice, and consistent effort will help improve your results."
DKPSJSS2002,3089,Liadi Odunayo,JSS 2,Third Term,2025/2026,C.C.A,34,52,86,576,48.0,D,Fair,"Fair performance this term. More concentration, regular practice, and consistent effort will help improve your results."
DKPSJSS2002,3089,Liadi Odunayo,JSS 2,Third Term,2025/2026,Intermediate Science,9,13,22,576,48.0,D,Fair,"Fair performance this term. More concentration, regular practice, and consistent effort will help improve your results."
DKPSJSS2002,3089,Liadi Odunayo,JSS 2,Third Term,2025/2026,Yoruba,21,32,53,576,48.0,D,Fair,"Fair performance this term. More concentration, regular practice, and consistent effort will help improve your results."
DKPSJSS2003,7005,Onafuda Hassan,JSS 2,Third Term,2025/2026,English Language,30,32,62,789,65.75,B,Very Good,Very good performance this term. Maintain your dedication to learning and continue working toward higher achievement.
DKPSJSS2003,7005,Onafuda Hassan,JSS 2,Third Term,2025/2026,Mathematics,34,39,73,789,65.75,B,Very Good,Very good performance this term. Maintain your dedication to learning and continue working toward higher achievement.
DKPSJSS2003,7005,Onafuda Hassan,JSS 2,Third Term,2025/2026,P.H.E,29,50,79,789,65.75,B,Very Good,Very good performance this term. Maintain your dedication to learning and continue working toward higher achievement.
DKPSJSS2003,7005,Onafuda Hassan,JSS 2,Third Term,2025/2026,Digital Technology,30,60,90,789,65.75,B,Very Good,Very good performance this term. Maintain your dedication to learning and continue working toward higher achievement.
DKPSJSS2003,7005,Onafuda Hassan,JSS 2,Third Term,2025/2026,Business Studies,10,30,40,789,65.75,B,Very Good,Very good performance this term. Maintain your dedication to learning and continue working toward higher achievement.
DKPSJSS2003,7005,Onafuda Hassan,JSS 2,Third Term,2025/2026,C.R.S,10,21,31,789,65.75,B,Very Good,Very good performance this term. Maintain your dedication to learning and continue working toward higher achievement.
DKPSJSS2003,7005,Onafuda Hassan,JSS 2,Third Term,2025/2026,History,10,50,60,789,65.75,B,Very Good,Very good performance this term. Maintain your dedication to learning and continue working toward higher achievement.
DKPSJSS2003,7005,Onafuda Hassan,JSS 2,Third Term,2025/2026,Horticulture,30,25,55,789,65.75,B,Very Good,Very good performance this term. Maintain your dedication to learning and continue working toward higher achievement.
DKPSJSS2003,7005,Onafuda Hassan,JSS 2,Third Term,2025/2026,Citizenship Education,37,56,93,789,65.75,B,Very Good,Very good performance this term. Maintain your dedication to learning and continue working toward higher achievement.
DKPSJSS2003,7005,Onafuda Hassan,JSS 2,Third Term,2025/2026,C.C.A,39,59,98,789,65.75,B,Very Good,Very good performance this term. Maintain your dedication to learning and continue working toward higher achievement.
DKPSJSS2003,7005,Onafuda Hassan,JSS 2,Third Term,2025/2026,Intermediate Science,19,29,48,789,65.75,B,Very Good,Very good performance this term. Maintain your dedication to learning and continue working toward higher achievement.
DKPSJSS2003,7005,Onafuda Hassan,JSS 2,Third Term,2025/2026,Yoruba,24,36,60,789,65.75,B,Very Good,Very good performance this term. Maintain your dedication to learning and continue working toward higher achievement.
DKPSJSS2004,1800,Obi-Victor Marvelous,JSS 2,Third Term,2025/2026,English Language,32,50,82,821,68.42,B,Very Good,Very good performance this term. Maintain your dedication to learning and continue working toward higher achievement.
DKPSJSS2004,1800,Obi-Victor Marvelous,JSS 2,Third Term,2025/2026,Mathematics,40,49,89,821,68.42,B,Very Good,Very good performance this term. Maintain your dedication to learning and continue working toward higher achievement.
DKPSJSS2004,1800,Obi-Victor Marvelous,JSS 2,Third Term,2025/2026,P.H.E,40,57,97,821,68.42,B,Very Good,Very good performance this term. Maintain your dedication to learning and continue working toward higher achievement.
DKPSJSS2004,1800,Obi-Victor Marvelous,JSS 2,Third Term,2025/2026,Digital Technology,33,10,43,821,68.42,B,Very Good,Very good performance this term. Maintain your dedication to learning and continue working toward higher achievement.
DKPSJSS2004,1800,Obi-Victor Marvelous,JSS 2,Third Term,2025/2026,Business Studies,10,38,48,821,68.42,B,Very Good,Very good performance this term. Maintain your dedication to learning and continue working toward higher achievement.
DKPSJSS2004,1800,Obi-Victor Marvelous,JSS 2,Third Term,2025/2026,C.R.S,10,40,50,821,68.42,B,Very Good,Very good performance this term. Maintain your dedication to learning and continue working toward higher achievement.
DKPSJSS2004,1800,Obi-Victor Marvelous,JSS 2,Third Term,2025/2026,History,10,50,60,821,68.42,B,Very Good,Very good performance this term. Maintain your dedication to learning and continue working toward higher achievement.
DKPSJSS2004,1800,Obi-Victor Marvelous,JSS 2,Third Term,2025/2026,Horticulture,30,45,75,821,68.42,B,Very Good,Very good performance this term. Maintain your dedication to learning and continue working toward higher achievement.
DKPSJSS2004,1800,Obi-Victor Marvelous,JSS 2,Third Term,2025/2026,Citizenship Education,39,59,98,821,68.42,B,Very Good,Very good performance this term. Maintain your dedication to learning and continue working toward higher achievement.
DKPSJSS2004,1800,Obi-Victor Marvelous,JSS 2,Third Term,2025/2026,C.C.A,37,56,93,821,68.42,B,Very Good,Very good performance this term. Maintain your dedication to learning and continue working toward higher achievement.
DKPSJSS2004,1800,Obi-Victor Marvelous,JSS 2,Third Term,2025/2026,Intermediate Science,13,20,33,821,68.42,B,Very Good,Very good performance this term. Maintain your dedication to learning and continue working toward higher achievement.
DKPSJSS2004,1800,Obi-Victor Marvelous,JSS 2,Third Term,2025/2026,Yoruba,21,32,53,821,68.42,B,Very Good,Very good performance this term. Maintain your dedication to learning and continue working toward higher achievement.
DKPSJSS2005,9621,Matthew Israel,JSS 2,Third Term,2025/2026,English Language,30,32,62,781,65.08,B,Very Good,Very good performance this term. Maintain your dedication to learning and continue working toward higher achievement.
DKPSJSS2005,9621,Matthew Israel,JSS 2,Third Term,2025/2026,Mathematics,18,38,56,781,65.08,B,Very Good,Very good performance this term. Maintain your dedication to learning and continue working toward higher achievement.
DKPSJSS2005,9621,Matthew Israel,JSS 2,Third Term,2025/2026,P.H.E,26,51,77,781,65.08,B,Very Good,Very good performance this term. Maintain your dedication to learning and continue working toward higher achievement.
DKPSJSS2005,9621,Matthew Israel,JSS 2,Third Term,2025/2026,Digital Technology,28,50,78,781,65.08,B,Very Good,Very good performance this term. Maintain your dedication to learning and continue working toward higher achievement.
DKPSJSS2005,9621,Matthew Israel,JSS 2,Third Term,2025/2026,Business Studies,16,27,43,781,65.08,B,Very Good,Very good performance this term. Maintain your dedication to learning and continue working toward higher achievement.
DKPSJSS2005,9621,Matthew Israel,JSS 2,Third Term,2025/2026,C.R.S,22,24,46,781,65.08,B,Very Good,Very good performance this term. Maintain your dedication to learning and continue working toward higher achievement.
DKPSJSS2005,9621,Matthew Israel,JSS 2,Third Term,2025/2026,History,26,49,75,781,65.08,B,Very Good,Very good performance this term. Maintain your dedication to learning and continue working toward higher achievement.
DKPSJSS2005,9621,Matthew Israel,JSS 2,Third Term,2025/2026,Horticulture,30,33,63,781,65.08,B,Very Good,Very good performance this term. Maintain your dedication to learning and continue working toward higher achievement.
DKPSJSS2005,9621,Matthew Israel,JSS 2,Third Term,2025/2026,Citizenship Education,37,56,93,781,65.08,B,Very Good,Very good performance this term. Maintain your dedication to learning and continue working toward higher achievement.
DKPSJSS2005,9621,Matthew Israel,JSS 2,Third Term,2025/2026,C.C.A,37,56,93,781,65.08,B,Very Good,Very good performance this term. Maintain your dedication to learning and continue working toward higher achievement.
DKPSJSS2005,9621,Matthew Israel,JSS 2,Third Term,2025/2026,Intermediate Science,10,15,25,781,65.08,B,Very Good,Very good performance this term. Maintain your dedication to learning and continue working toward higher achievement.
DKPSJSS2005,9621,Matthew Israel,JSS 2,Third Term,2025/2026,Yoruba,28,42,70,781,65.08,B,Very Good,Very good performance this term. Maintain your dedication to learning and continue working toward higher achievement.
DKPSJSS2006,4241,Umar Aishat,JSS 2,Third Term,2025/2026,English Language,21,30,51,715,59.58,C,Good,"Good performance this term. With greater consistency and focused effort, you can make even stronger progress next term."
DKPSJSS2006,4241,Umar Aishat,JSS 2,Third Term,2025/2026,Mathematics,37,38,75,715,59.58,C,Good,"Good performance this term. With greater consistency and focused effort, you can make even stronger progress next term."
DKPSJSS2006,4241,Umar Aishat,JSS 2,Third Term,2025/2026,P.H.E,11,38,49,715,59.58,C,Good,"Good performance this term. With greater consistency and focused effort, you can make even stronger progress next term."
DKPSJSS2006,4241,Umar Aishat,JSS 2,Third Term,2025/2026,Digital Technology,37,44,81,715,59.58,C,Good,"Good performance this term. With greater consistency and focused effort, you can make even stronger progress next term."
DKPSJSS2006,4241,Umar Aishat,JSS 2,Third Term,2025/2026,Business Studies,10,26,36,715,59.58,C,Good,"Good performance this term. With greater consistency and focused effort, you can make even stronger progress next term."
DKPSJSS2006,4241,Umar Aishat,JSS 2,Third Term,2025/2026,C.R.S,10,29,39,715,59.58,C,Good,"Good performance this term. With greater consistency and focused effort, you can make even stronger progress next term."
DKPSJSS2006,4241,Umar Aishat,JSS 2,Third Term,2025/2026,History,10,41,51,715,59.58,C,Good,"Good performance this term. With greater consistency and focused effort, you can make even stronger progress next term."
DKPSJSS2006,4241,Umar Aishat,JSS 2,Third Term,2025/2026,Horticulture,30,31,61,715,59.58,C,Good,"Good performance this term. With greater consistency and focused effort, you can make even stronger progress next term."
DKPSJSS2006,4241,Umar Aishat,JSS 2,Third Term,2025/2026,Citizenship Education,37,56,93,715,59.58,C,Good,"Good performance this term. With greater consistency and focused effort, you can make even stronger progress next term."
DKPSJSS2006,4241,Umar Aishat,JSS 2,Third Term,2025/2026,C.C.A,39,58,97,715,59.58,C,Good,"Good performance this term. With greater consistency and focused effort, you can make even stronger progress next term."
DKPSJSS2006,4241,Umar Aishat,JSS 2,Third Term,2025/2026,Intermediate Science,11,16,27,715,59.58,C,Good,"Good performance this term. With greater consistency and focused effort, you can make even stronger progress next term."
DKPSJSS2006,4241,Umar Aishat,JSS 2,Third Term,2025/2026,Yoruba,22,33,55,715,59.58,C,Good,"Good performance this term. With greater consistency and focused effort, you can make even stronger progress next term."
DKPSJSS2007,5492,Joseph Precious,JSS 2,Third Term,2025/2026,English Language,34,37,71,947,78.92,A,Excellent,Excellent performance this term. Keep up the strong commitment and continue striving for even greater achievement.
DKPSJSS2007,5492,Joseph Precious,JSS 2,Third Term,2025/2026,Mathematics,38,31,69,947,78.92,A,Excellent,Excellent performance this term. Keep up the strong commitment and continue striving for even greater achievement.
DKPSJSS2007,5492,Joseph Precious,JSS 2,Third Term,2025/2026,P.H.E,33,55,88,947,78.92,A,Excellent,Excellent performance this term. Keep up the strong commitment and continue striving for even greater achievement.
DKPSJSS2007,5492,Joseph Precious,JSS 2,Third Term,2025/2026,Digital Technology,38,60,98,947,78.92,A,Excellent,Excellent performance this term. Keep up the strong commitment and continue striving for even greater achievement.
DKPSJSS2007,5492,Joseph Precious,JSS 2,Third Term,2025/2026,Business Studies,11,39,50,947,78.92,A,Excellent,Excellent performance this term. Keep up the strong commitment and continue striving for even greater achievement.
DKPSJSS2007,5492,Joseph Precious,JSS 2,Third Term,2025/2026,C.R.S,31,48,79,947,78.92,A,Excellent,Excellent performance this term. Keep up the strong commitment and continue striving for even greater achievement.
DKPSJSS2007,5492,Joseph Precious,JSS 2,Third Term,2025/2026,History,35,50,85,947,78.92,A,Excellent,Excellent performance this term. Keep up the strong commitment and continue striving for even greater achievement.
DKPSJSS2007,5492,Joseph Precious,JSS 2,Third Term,2025/2026,Horticulture,30,44,74,947,78.92,A,Excellent,Excellent performance this term. Keep up the strong commitment and continue striving for even greater achievement.
DKPSJSS2007,5492,Joseph Precious,JSS 2,Third Term,2025/2026,Citizenship Education,39,58,97,947,78.92,A,Excellent,Excellent performance this term. Keep up the strong commitment and continue striving for even greater achievement.
DKPSJSS2007,5492,Joseph Precious,JSS 2,Third Term,2025/2026,C.C.A,36,55,91,947,78.92,A,Excellent,Excellent performance this term. Keep up the strong commitment and continue striving for even greater achievement.
DKPSJSS2007,5492,Joseph Precious,JSS 2,Third Term,2025/2026,Intermediate Science,31,46,77,947,78.92,A,Excellent,Excellent performance this term. Keep up the strong commitment and continue striving for even greater achievement.
DKPSJSS2007,5492,Joseph Precious,JSS 2,Third Term,2025/2026,Yoruba,27,41,68,947,78.92,A,Excellent,Excellent performance this term. Keep up the strong commitment and continue striving for even greater achievement.
DKPSJSS2008,7078,Kazeem Sofiat,JSS 2,Third Term,2025/2026,English Language,32,43,75,950,79.17,A,Excellent,Excellent performance this term. Keep up the strong commitment and continue striving for even greater achievement.
DKPSJSS2008,7078,Kazeem Sofiat,JSS 2,Third Term,2025/2026,Mathematics,38,49,87,950,79.17,A,Excellent,Excellent performance this term. Keep up the strong commitment and continue striving for even greater achievement.
DKPSJSS2008,7078,Kazeem Sofiat,JSS 2,Third Term,2025/2026,P.H.E,18,52,70,950,79.17,A,Excellent,Excellent performance this term. Keep up the strong commitment and continue striving for even greater achievement.
DKPSJSS2008,7078,Kazeem Sofiat,JSS 2,Third Term,2025/2026,Digital Technology,33,48,81,950,79.17,A,Excellent,Excellent performance this term. Keep up the strong commitment and continue striving for even greater achievement.
DKPSJSS2008,7078,Kazeem Sofiat,JSS 2,Third Term,2025/2026,Business Studies,34,48,82,950,79.17,A,Excellent,Excellent performance this term. Keep up the strong commitment and continue striving for even greater achievement.
DKPSJSS2008,7078,Kazeem Sofiat,JSS 2,Third Term,2025/2026,C.R.S,33,39,72,950,79.17,A,Excellent,Excellent performance this term. Keep up the strong commitment and continue striving for even greater achievement.
DKPSJSS2008,7078,Kazeem Sofiat,JSS 2,Third Term,2025/2026,History,36,54,90,950,79.17,A,Excellent,Excellent performance this term. Keep up the strong commitment and continue striving for even greater achievement.
DKPSJSS2008,7078,Kazeem Sofiat,JSS 2,Third Term,2025/2026,Horticulture,30,40,70,950,79.17,A,Excellent,Excellent performance this term. Keep up the strong commitment and continue striving for even greater achievement.
DKPSJSS2008,7078,Kazeem Sofiat,JSS 2,Third Term,2025/2026,Citizenship Education,39,58,97,950,79.17,A,Excellent,Excellent performance this term. Keep up the strong commitment and continue striving for even greater achievement.
DKPSJSS2008,7078,Kazeem Sofiat,JSS 2,Third Term,2025/2026,C.C.A,38,57,95,950,79.17,A,Excellent,Excellent performance this term. Keep up the strong commitment and continue striving for even greater achievement.
DKPSJSS2008,7078,Kazeem Sofiat,JSS 2,Third Term,2025/2026,Intermediate Science,17,26,43,950,79.17,A,Excellent,Excellent performance this term. Keep up the strong commitment and continue striving for even greater achievement.
DKPSJSS2008,7078,Kazeem Sofiat,JSS 2,Third Term,2025/2026,Yoruba,35,53,88,950,79.17,A,Excellent,Excellent performance this term. Keep up the strong commitment and continue striving for even greater achievement.
DKPSJSS2009,8444,Akinyele Emmanuel,JSS 2,Third Term,2025/2026,English Language,10,26,36,659,54.92,C,Good,"Good performance this term. With greater consistency and focused effort, you can make even stronger progress next term."
DKPSJSS2009,8444,Akinyele Emmanuel,JSS 2,Third Term,2025/2026,Mathematics,10,38,48,659,54.92,C,Good,"Good performance this term. With greater consistency and focused effort, you can make even stronger progress next term."
DKPSJSS2009,8444,Akinyele Emmanuel,JSS 2,Third Term,2025/2026,P.H.E,10,37,47,659,54.92,C,Good,"Good performance this term. With greater consistency and focused effort, you can make even stronger progress next term."
DKPSJSS2009,8444,Akinyele Emmanuel,JSS 2,Third Term,2025/2026,Digital Technology,10,46,56,659,54.92,C,Good,"Good performance this term. With greater consistency and focused effort, you can make even stronger progress next term."
DKPSJSS2009,8444,Akinyele Emmanuel,JSS 2,Third Term,2025/2026,Business Studies,10,22,32,659,54.92,C,Good,"Good performance this term. With greater consistency and focused effort, you can make even stronger progress next term."
DKPSJSS2009,8444,Akinyele Emmanuel,JSS 2,Third Term,2025/2026,C.R.S,10,34,44,659,54.92,C,Good,"Good performance this term. With greater consistency and focused effort, you can make even stronger progress next term."
DKPSJSS2009,8444,Akinyele Emmanuel,JSS 2,Third Term,2025/2026,History,10,41,51,659,54.92,C,Good,"Good performance this term. With greater consistency and focused effort, you can make even stronger progress next term."
DKPSJSS2009,8444,Akinyele Emmanuel,JSS 2,Third Term,2025/2026,Horticulture,30,22,52,659,54.92,C,Good,"Good performance this term. With greater consistency and focused effort, you can make even stronger progress next term."
DKPSJSS2009,8444,Akinyele Emmanuel,JSS 2,Third Term,2025/2026,Citizenship Education,37,56,93,659,54.92,C,Good,"Good performance this term. With greater consistency and focused effort, you can make even stronger progress next term."
DKPSJSS2009,8444,Akinyele Emmanuel,JSS 2,Third Term,2025/2026,C.C.A,32,48,80,659,54.92,C,Good,"Good performance this term. With greater consistency and focused effort, you can make even stronger progress next term."
DKPSJSS2009,8444,Akinyele Emmanuel,JSS 2,Third Term,2025/2026,Intermediate Science,18,27,45,659,54.92,C,Good,"Good performance this term. With greater consistency and focused effort, you can make even stronger progress next term."
DKPSJSS2009,8444,Akinyele Emmanuel,JSS 2,Third Term,2025/2026,Yoruba,30,45,75,659,54.92,C,Good,"Good performance this term. With greater consistency and focused effort, you can make even stronger progress next term."
DKPSJSS3001,5750,Raheem Ibrahim,JSS 3,Third Term,2025/2026,English Language,24,51,75,810,81.0,A,Excellent,Excellent performance this term. Keep up the strong commitment and continue striving for even greater achievement.
DKPSJSS3001,5750,Raheem Ibrahim,JSS 3,Third Term,2025/2026,Mathematics,35,53,88,810,81.0,A,Excellent,Excellent performance this term. Keep up the strong commitment and continue striving for even greater achievement.
DKPSJSS3001,5750,Raheem Ibrahim,JSS 3,Third Term,2025/2026,P.H.E,35,53,88,810,81.0,A,Excellent,Excellent performance this term. Keep up the strong commitment and continue striving for even greater achievement.
DKPSJSS3001,5750,Raheem Ibrahim,JSS 3,Third Term,2025/2026,Digital Technology,38,57,95,810,81.0,A,Excellent,Excellent performance this term. Keep up the strong commitment and continue striving for even greater achievement.
DKPSJSS3001,5750,Raheem Ibrahim,JSS 3,Third Term,2025/2026,Business Studies,27,41,68,810,81.0,A,Excellent,Excellent performance this term. Keep up the strong commitment and continue striving for even greater achievement.
DKPSJSS3001,5750,Raheem Ibrahim,JSS 3,Third Term,2025/2026,C.R.S,31,46,77,810,81.0,A,Excellent,Excellent performance this term. Keep up the strong commitment and continue striving for even greater achievement.
DKPSJSS3001,5750,Raheem Ibrahim,JSS 3,Third Term,2025/2026,History,30,45,75,810,81.0,A,Excellent,Excellent performance this term. Keep up the strong commitment and continue striving for even greater achievement.
DKPSJSS3001,5750,Raheem Ibrahim,JSS 3,Third Term,2025/2026,Horticulture,26,39,65,810,81.0,A,Excellent,Excellent performance this term. Keep up the strong commitment and continue striving for even greater achievement.
DKPSJSS3001,5750,Raheem Ibrahim,JSS 3,Third Term,2025/2026,Citizenship Education,37,56,93,810,81.0,A,Excellent,Excellent performance this term. Keep up the strong commitment and continue striving for even greater achievement.
DKPSJSS3001,5750,Raheem Ibrahim,JSS 3,Third Term,2025/2026,Intermediate Science,34,52,86,810,81.0,A,Excellent,Excellent performance this term. Keep up the strong commitment and continue striving for even greater achievement.
DKPSJSS3002,6160,Adetomiwa Testimony,JSS 3,Third Term,2025/2026,English Language,21,34,55,592,59.2,C,Good,"Good performance this term. With greater consistency and focused effort, you can make even stronger progress next term."
DKPSJSS3002,6160,Adetomiwa Testimony,JSS 3,Third Term,2025/2026,Mathematics,25,38,63,592,59.2,C,Good,"Good performance this term. With greater consistency and focused effort, you can make even stronger progress next term."
DKPSJSS3002,6160,Adetomiwa Testimony,JSS 3,Third Term,2025/2026,P.H.E,25,38,63,592,59.2,C,Good,"Good performance this term. With greater consistency and focused effort, you can make even stronger progress next term."
DKPSJSS3002,6160,Adetomiwa Testimony,JSS 3,Third Term,2025/2026,Digital Technology,20,30,50,592,59.2,C,Good,"Good performance this term. With greater consistency and focused effort, you can make even stronger progress next term."
DKPSJSS3002,6160,Adetomiwa Testimony,JSS 3,Third Term,2025/2026,Business Studies,26,51,77,592,59.2,C,Good,"Good performance this term. With greater consistency and focused effort, you can make even stronger progress next term."
DKPSJSS3002,6160,Adetomiwa Testimony,JSS 3,Third Term,2025/2026,C.R.S,30,47,77,592,59.2,C,Good,"Good performance this term. With greater consistency and focused effort, you can make even stronger progress next term."
DKPSJSS3002,6160,Adetomiwa Testimony,JSS 3,Third Term,2025/2026,History,24,36,60,592,59.2,C,Good,"Good performance this term. With greater consistency and focused effort, you can make even stronger progress next term."
DKPSJSS3002,6160,Adetomiwa Testimony,JSS 3,Third Term,2025/2026,Horticulture,10,15,25,592,59.2,C,Good,"Good performance this term. With greater consistency and focused effort, you can make even stronger progress next term."
DKPSJSS3002,6160,Adetomiwa Testimony,JSS 3,Third Term,2025/2026,Citizenship Education,26,39,65,592,59.2,C,Good,"Good performance this term. With greater consistency and focused effort, you can make even stronger progress next term."
DKPSJSS3002,6160,Adetomiwa Testimony,JSS 3,Third Term,2025/2026,Intermediate Science,23,34,57,592,59.2,C,Good,"Good performance this term. With greater consistency and focused effort, you can make even stronger progress next term."
DKPSJSS3003,0899,Ahmed Khadijat,JSS 3,Third Term,2025/2026,English Language,28,2,30,439,43.9,E,Pass,You have made a fair effort this term. More attention to your studies and steady practice will help strengthen your performance.
DKPSJSS3003,0899,Ahmed Khadijat,JSS 3,Third Term,2025/2026,Mathematics,22,33,55,439,43.9,E,Pass,You have made a fair effort this term. More attention to your studies and steady practice will help strengthen your performance.
DKPSJSS3003,0899,Ahmed Khadijat,JSS 3,Third Term,2025/2026,P.H.E,22,33,55,439,43.9,E,Pass,You have made a fair effort this term. More attention to your studies and steady practice will help strengthen your performance.
DKPSJSS3003,0899,Ahmed Khadijat,JSS 3,Third Term,2025/2026,Digital Technology,25,38,63,439,43.9,E,Pass,You have made a fair effort this term. More attention to your studies and steady practice will help strengthen your performance.
DKPSJSS3003,0899,Ahmed Khadijat,JSS 3,Third Term,2025/2026,Business Studies,17,26,43,439,43.9,E,Pass,You have made a fair effort this term. More attention to your studies and steady practice will help strengthen your performance.
DKPSJSS3003,0899,Ahmed Khadijat,JSS 3,Third Term,2025/2026,C.R.S,8,12,20,439,43.9,E,Pass,You have made a fair effort this term. More attention to your studies and steady practice will help strengthen your performance.
DKPSJSS3003,0899,Ahmed Khadijat,JSS 3,Third Term,2025/2026,History,15,23,38,439,43.9,E,Pass,You have made a fair effort this term. More attention to your studies and steady practice will help strengthen your performance.
DKPSJSS3003,0899,Ahmed Khadijat,JSS 3,Third Term,2025/2026,Horticulture,6,9,15,439,43.9,E,Pass,You have made a fair effort this term. More attention to your studies and steady practice will help strengthen your performance.
DKPSJSS3003,0899,Ahmed Khadijat,JSS 3,Third Term,2025/2026,Citizenship Education,24,36,60,439,43.9,E,Pass,You have made a fair effort this term. More attention to your studies and steady practice will help strengthen your performance.
DKPSJSS3003,0899,Ahmed Khadijat,JSS 3,Third Term,2025/2026,Intermediate Science,24,36,60,439,43.9,E,Pass,You have made a fair effort this term. More attention to your studies and steady practice will help strengthen your performance.
DKPSJSS3004,4243,Akinwande Mohammed,JSS 3,Third Term,2025/2026,English Language,27,8,35,572,57.2,C,Good,"Good performance this term. With greater consistency and focused effort, you can make even stronger progress next term."
DKPSJSS3004,4243,Akinwande Mohammed,JSS 3,Third Term,2025/2026,Mathematics,20,30,50,572,57.2,C,Good,"Good performance this term. With greater consistency and focused effort, you can make even stronger progress next term."
DKPSJSS3004,4243,Akinwande Mohammed,JSS 3,Third Term,2025/2026,P.H.E,20,30,50,572,57.2,C,Good,"Good performance this term. With greater consistency and focused effort, you can make even stronger progress next term."
DKPSJSS3004,4243,Akinwande Mohammed,JSS 3,Third Term,2025/2026,Digital Technology,20,30,50,572,57.2,C,Good,"Good performance this term. With greater consistency and focused effort, you can make even stronger progress next term."
DKPSJSS3004,4243,Akinwande Mohammed,JSS 3,Third Term,2025/2026,Business Studies,26,47,73,572,57.2,C,Good,"Good performance this term. With greater consistency and focused effort, you can make even stronger progress next term."
DKPSJSS3004,4243,Akinwande Mohammed,JSS 3,Third Term,2025/2026,C.R.S,29,54,83,572,57.2,C,Good,"Good performance this term. With greater consistency and focused effort, you can make even stronger progress next term."
DKPSJSS3004,4243,Akinwande Mohammed,JSS 3,Third Term,2025/2026,History,23,35,58,572,57.2,C,Good,"Good performance this term. With greater consistency and focused effort, you can make even stronger progress next term."
DKPSJSS3004,4243,Akinwande Mohammed,JSS 3,Third Term,2025/2026,Horticulture,16,24,40,572,57.2,C,Good,"Good performance this term. With greater consistency and focused effort, you can make even stronger progress next term."
DKPSJSS3004,4243,Akinwande Mohammed,JSS 3,Third Term,2025/2026,Citizenship Education,28,42,70,572,57.2,C,Good,"Good performance this term. With greater consistency and focused effort, you can make even stronger progress next term."
DKPSJSS3004,4243,Akinwande Mohammed,JSS 3,Third Term,2025/2026,Intermediate Science,25,38,63,572,57.2,C,Good,"Good performance this term. With greater consistency and focused effort, you can make even stronger progress next term."
DKPSJSS3005,8932,Enofe Solomon,JSS 3,Third Term,2025/2026,English Language,19,31,50,564,56.4,C,Good,"Good performance this term. With greater consistency and focused effort, you can make even stronger progress next term."
DKPSJSS3005,8932,Enofe Solomon,JSS 3,Third Term,2025/2026,Mathematics,21,32,53,564,56.4,C,Good,"Good performance this term. With greater consistency and focused effort, you can make even stronger progress next term."
DKPSJSS3005,8932,Enofe Solomon,JSS 3,Third Term,2025/2026,P.H.E,21,32,53,564,56.4,C,Good,"Good performance this term. With greater consistency and focused effort, you can make even stronger progress next term."
DKPSJSS3005,8932,Enofe Solomon,JSS 3,Third Term,2025/2026,Digital Technology,30,45,75,564,56.4,C,Good,"Good performance this term. With greater consistency and focused effort, you can make even stronger progress next term."
DKPSJSS3005,8932,Enofe Solomon,JSS 3,Third Term,2025/2026,Business Studies,19,29,48,564,56.4,C,Good,"Good performance this term. With greater consistency and focused effort, you can make even stronger progress next term."
DKPSJSS3005,8932,Enofe Solomon,JSS 3,Third Term,2025/2026,C.R.S,29,44,73,564,56.4,C,Good,"Good performance this term. With greater consistency and focused effort, you can make even stronger progress next term."
DKPSJSS3005,8932,Enofe Solomon,JSS 3,Third Term,2025/2026,History,20,30,50,564,56.4,C,Good,"Good performance this term. With greater consistency and focused effort, you can make even stronger progress next term."
DKPSJSS3005,8932,Enofe Solomon,JSS 3,Third Term,2025/2026,Horticulture,14,21,35,564,56.4,C,Good,"Good performance this term. With greater consistency and focused effort, you can make even stronger progress next term."
DKPSJSS3005,8932,Enofe Solomon,JSS 3,Third Term,2025/2026,Citizenship Education,28,42,70,564,56.4,C,Good,"Good performance this term. With greater consistency and focused effort, you can make even stronger progress next term."
DKPSJSS3005,8932,Enofe Solomon,JSS 3,Third Term,2025/2026,Intermediate Science,23,34,57,564,56.4,C,Good,"Good performance this term. With greater consistency and focused effort, you can make even stronger progress next term."
DKPSJSS3006,9785,Atiogbe Anuoluwapo,JSS 3,Third Term,2025/2026,English Language,27,31,58,680,68.0,B,Very Good,Very good performance this term. Maintain your dedication to learning and continue working toward higher achievement.
DKPSJSS3006,9785,Atiogbe Anuoluwapo,JSS 3,Third Term,2025/2026,Mathematics,30,45,75,680,68.0,B,Very Good,Very good performance this term. Maintain your dedication to learning and continue working toward higher achievement.
DKPSJSS3006,9785,Atiogbe Anuoluwapo,JSS 3,Third Term,2025/2026,P.H.E,30,45,75,680,68.0,B,Very Good,Very good performance this term. Maintain your dedication to learning and continue working toward higher achievement.
DKPSJSS3006,9785,Atiogbe Anuoluwapo,JSS 3,Third Term,2025/2026,Digital Technology,35,53,88,680,68.0,B,Very Good,Very good performance this term. Maintain your dedication to learning and continue working toward higher achievement.
DKPSJSS3006,9785,Atiogbe Anuoluwapo,JSS 3,Third Term,2025/2026,Business Studies,22,55,77,680,68.0,B,Very Good,Very good performance this term. Maintain your dedication to learning and continue working toward higher achievement.
DKPSJSS3006,9785,Atiogbe Anuoluwapo,JSS 3,Third Term,2025/2026,C.R.S,31,46,77,680,68.0,B,Very Good,Very good performance this term. Maintain your dedication to learning and continue working toward higher achievement.
DKPSJSS3006,9785,Atiogbe Anuoluwapo,JSS 3,Third Term,2025/2026,History,23,35,58,680,68.0,B,Very Good,Very good performance this term. Maintain your dedication to learning and continue working toward higher achievement.
DKPSJSS3006,9785,Atiogbe Anuoluwapo,JSS 3,Third Term,2025/2026,Horticulture,18,27,45,680,68.0,B,Very Good,Very good performance this term. Maintain your dedication to learning and continue working toward higher achievement.
DKPSJSS3006,9785,Atiogbe Anuoluwapo,JSS 3,Third Term,2025/2026,Citizenship Education,32,48,80,680,68.0,B,Very Good,Very good performance this term. Maintain your dedication to learning and continue working toward higher achievement.
DKPSJSS3006,9785,Atiogbe Anuoluwapo,JSS 3,Third Term,2025/2026,Intermediate Science,19,28,47,680,68.0,B,Very Good,Very good performance this term. Maintain your dedication to learning and continue working toward higher achievement.
DKPSJSS3007,3732,Tiamiyu Abidemi,JSS 3,Third Term,2025/2026,English Language,26,37,63,800,80.0,A,Excellent,Excellent performance this term. Keep up the strong commitment and continue striving for even greater achievement.
DKPSJSS3007,3732,Tiamiyu Abidemi,JSS 3,Third Term,2025/2026,Mathematics,35,53,88,800,80.0,A,Excellent,Excellent performance this term. Keep up the strong commitment and continue striving for even greater achievement.
DKPSJSS3007,3732,Tiamiyu Abidemi,JSS 3,Third Term,2025/2026,P.H.E,38,57,95,800,80.0,A,Excellent,Excellent performance this term. Keep up the strong commitment and continue striving for even greater achievement.
DKPSJSS3007,3732,Tiamiyu Abidemi,JSS 3,Third Term,2025/2026,Digital Technology,38,57,95,800,80.0,A,Excellent,Excellent performance this term. Keep up the strong commitment and continue striving for even greater achievement.
DKPSJSS3007,3732,Tiamiyu Abidemi,JSS 3,Third Term,2025/2026,Business Studies,28,42,70,800,80.0,A,Excellent,Excellent performance this term. Keep up the strong commitment and continue striving for even greater achievement.
DKPSJSS3007,3732,Tiamiyu Abidemi,JSS 3,Third Term,2025/2026,C.R.S,32,48,80,800,80.0,A,Excellent,Excellent performance this term. Keep up the strong commitment and continue striving for even greater achievement.
DKPSJSS3007,3732,Tiamiyu Abidemi,JSS 3,Third Term,2025/2026,History,27,41,68,800,80.0,A,Excellent,Excellent performance this term. Keep up the strong commitment and continue striving for even greater achievement.
DKPSJSS3007,3732,Tiamiyu Abidemi,JSS 3,Third Term,2025/2026,Horticulture,28,42,70,800,80.0,A,Excellent,Excellent performance this term. Keep up the strong commitment and continue striving for even greater achievement.
DKPSJSS3007,3732,Tiamiyu Abidemi,JSS 3,Third Term,2025/2026,Citizenship Education,39,59,98,800,80.0,A,Excellent,Excellent performance this term. Keep up the strong commitment and continue striving for even greater achievement.
DKPSJSS3007,3732,Tiamiyu Abidemi,JSS 3,Third Term,2025/2026,Intermediate Science,29,44,73,800,80.0,A,Excellent,Excellent performance this term. Keep up the strong commitment and continue striving for even greater achievement.
DKPSJSS3008,5667,Umar Mariam,JSS 3,Third Term,2025/2026,English Language,20,8,28,361,36.1,F,Needs Improvement,"Your performance needs improvement this term. With stronger commitment, regular practice, and support, you can make better progress."
DKPSJSS3008,5667,Umar Mariam,JSS 3,Third Term,2025/2026,Mathematics,20,30,50,361,36.1,F,Needs Improvement,"Your performance needs improvement this term. With stronger commitment, regular practice, and support, you can make better progress."
DKPSJSS3008,5667,Umar Mariam,JSS 3,Third Term,2025/2026,P.H.E,20,30,50,361,36.1,F,Needs Improvement,"Your performance needs improvement this term. With stronger commitment, regular practice, and support, you can make better progress."
DKPSJSS3008,5667,Umar Mariam,JSS 3,Third Term,2025/2026,Digital Technology,20,30,50,361,36.1,F,Needs Improvement,"Your performance needs improvement this term. With stronger commitment, regular practice, and support, you can make better progress."
DKPSJSS3008,5667,Umar Mariam,JSS 3,Third Term,2025/2026,Business Studies,10,15,25,361,36.1,F,Needs Improvement,"Your performance needs improvement this term. With stronger commitment, regular practice, and support, you can make better progress."
DKPSJSS3008,5667,Umar Mariam,JSS 3,Third Term,2025/2026,C.R.S,20,30,50,361,36.1,F,Needs Improvement,"Your performance needs improvement this term. With stronger commitment, regular practice, and support, you can make better progress."
DKPSJSS3008,5667,Umar Mariam,JSS 3,Third Term,2025/2026,History,12,18,30,361,36.1,F,Needs Improvement,"Your performance needs improvement this term. With stronger commitment, regular practice, and support, you can make better progress."
DKPSJSS3008,5667,Umar Mariam,JSS 3,Third Term,2025/2026,Horticulture,4,6,10,361,36.1,F,Needs Improvement,"Your performance needs improvement this term. With stronger commitment, regular practice, and support, you can make better progress."
DKPSJSS3008,5667,Umar Mariam,JSS 3,Third Term,2025/2026,Citizenship Education,11,17,28,361,36.1,F,Needs Improvement,"Your performance needs improvement this term. With stronger commitment, regular practice, and support, you can make better progress."
DKPSJSS3008,5667,Umar Mariam,JSS 3,Third Term,2025/2026,Intermediate Science,16,24,40,361,36.1,F,Needs Improvement,"Your performance needs improvement this term. With stronger commitment, regular practice, and support, you can make better progress."
DKPSJSS3009,0053,Idris Mariam,JSS 3,Third Term,2025/2026,English Language,28,12,40,478,47.8,D,Fair,"Fair performance this term. More concentration, regular practice, and consistent effort will help improve your results."
DKPSJSS3009,0053,Idris Mariam,JSS 3,Third Term,2025/2026,Mathematics,20,30,50,478,47.8,D,Fair,"Fair performance this term. More concentration, regular practice, and consistent effort will help improve your results."
DKPSJSS3009,0053,Idris Mariam,JSS 3,Third Term,2025/2026,P.H.E,20,30,50,478,47.8,D,Fair,"Fair performance this term. More concentration, regular practice, and consistent effort will help improve your results."
DKPSJSS3009,0053,Idris Mariam,JSS 3,Third Term,2025/2026,Digital Technology,20,30,50,478,47.8,D,Fair,"Fair performance this term. More concentration, regular practice, and consistent effort will help improve your results."
DKPSJSS3009,0053,Idris Mariam,JSS 3,Third Term,2025/2026,Business Studies,27,30,57,478,47.8,D,Fair,"Fair performance this term. More concentration, regular practice, and consistent effort will help improve your results."
DKPSJSS3009,0053,Idris Mariam,JSS 3,Third Term,2025/2026,C.R.S,13,20,33,478,47.8,D,Fair,"Fair performance this term. More concentration, regular practice, and consistent effort will help improve your results."
DKPSJSS3009,0053,Idris Mariam,JSS 3,Third Term,2025/2026,History,19,29,48,478,47.8,D,Fair,"Fair performance this term. More concentration, regular practice, and consistent effort will help improve your results."
DKPSJSS3009,0053,Idris Mariam,JSS 3,Third Term,2025/2026,Horticulture,14,21,35,478,47.8,D,Fair,"Fair performance this term. More concentration, regular practice, and consistent effort will help improve your results."
DKPSJSS3009,0053,Idris Mariam,JSS 3,Third Term,2025/2026,Citizenship Education,30,45,75,478,47.8,D,Fair,"Fair performance this term. More concentration, regular practice, and consistent effort will help improve your results."
DKPSJSS3009,0053,Idris Mariam,JSS 3,Third Term,2025/2026,Intermediate Science,16,24,40,478,47.8,D,Fair,"Fair performance this term. More concentration, regular practice, and consistent effort will help improve your results."
DKPSJSS3010,0209,Aliyu Hadiza,JSS 3,Third Term,2025/2026,English Language,10,43,53,661,66.1,B,Very Good,Very good performance this term. Maintain your dedication to learning and continue working toward higher achievement.
DKPSJSS3010,0209,Aliyu Hadiza,JSS 3,Third Term,2025/2026,Mathematics,30,45,75,661,66.1,B,Very Good,Very good performance this term. Maintain your dedication to learning and continue working toward higher achievement.
DKPSJSS3010,0209,Aliyu Hadiza,JSS 3,Third Term,2025/2026,P.H.E,30,45,75,661,66.1,B,Very Good,Very good performance this term. Maintain your dedication to learning and continue working toward higher achievement.
DKPSJSS3010,0209,Aliyu Hadiza,JSS 3,Third Term,2025/2026,Digital Technology,40,60,100,661,66.1,B,Very Good,Very good performance this term. Maintain your dedication to learning and continue working toward higher achievement.
DKPSJSS3010,0209,Aliyu Hadiza,JSS 3,Third Term,2025/2026,Business Studies,30,50,80,661,66.1,B,Very Good,Very good performance this term. Maintain your dedication to learning and continue working toward higher achievement.
DKPSJSS3010,0209,Aliyu Hadiza,JSS 3,Third Term,2025/2026,C.R.S,13,20,33,661,66.1,B,Very Good,Very good performance this term. Maintain your dedication to learning and continue working toward higher achievement.
DKPSJSS3010,0209,Aliyu Hadiza,JSS 3,Third Term,2025/2026,History,24,36,60,661,66.1,B,Very Good,Very good performance this term. Maintain your dedication to learning and continue working toward higher achievement.
DKPSJSS3010,0209,Aliyu Hadiza,JSS 3,Third Term,2025/2026,Horticulture,20,30,50,661,66.1,B,Very Good,Very good performance this term. Maintain your dedication to learning and continue working toward higher achievement.
DKPSJSS3010,0209,Aliyu Hadiza,JSS 3,Third Term,2025/2026,Citizenship Education,28,42,70,661,66.1,B,Very Good,Very good performance this term. Maintain your dedication to learning and continue working toward higher achievement.
DKPSJSS3010,0209,Aliyu Hadiza,JSS 3,Third Term,2025/2026,Intermediate Science,26,39,65,661,66.1,B,Very Good,Very good performance this term. Maintain your dedication to learning and continue working toward higher achievement.
DKPSSSS1001,1306,Kazeem Omolara,SSS 1,Third Term,2025/2026,English Language,31,32,63,755,75.5,A,Excellent,Excellent performance this term. Keep up the strong commitment and continue striving for even greater achievement.
DKPSSSS1001,1306,Kazeem Omolara,SSS 1,Third Term,2025/2026,Mathematics,30,24,54,755,75.5,A,Excellent,Excellent performance this term. Keep up the strong commitment and continue striving for even greater achievement.
DKPSSSS1001,1306,Kazeem Omolara,SSS 1,Third Term,2025/2026,Horticulture,32,52,84,755,75.5,A,Excellent,Excellent performance this term. Keep up the strong commitment and continue striving for even greater achievement.
DKPSSSS1001,1306,Kazeem Omolara,SSS 1,Third Term,2025/2026,Biology,33,53,86,755,75.5,A,Excellent,Excellent performance this term. Keep up the strong commitment and continue striving for even greater achievement.
DKPSSSS1001,1306,Kazeem Omolara,SSS 1,Third Term,2025/2026,F/Math / Economics,32,48,80,755,75.5,A,Excellent,Excellent performance this term. Keep up the strong commitment and continue striving for even greater achievement.
DKPSSSS1001,1306,Kazeem Omolara,SSS 1,Third Term,2025/2026,Chem / Comm / Yor,38,37,75,755,75.5,A,Excellent,Excellent performance this term. Keep up the strong commitment and continue striving for even greater achievement.
DKPSSSS1001,1306,Kazeem Omolara,SSS 1,Third Term,2025/2026,Phy / Acct / Lit,30,46,76,755,75.5,A,Excellent,Excellent performance this term. Keep up the strong commitment and continue striving for even greater achievement.
DKPSSSS1001,1306,Kazeem Omolara,SSS 1,Third Term,2025/2026,Agric / C.R.S,35,39,74,755,75.5,A,Excellent,Excellent performance this term. Keep up the strong commitment and continue striving for even greater achievement.
DKPSSSS1001,1306,Kazeem Omolara,SSS 1,Third Term,2025/2026,Digital Technology,32,48,80,755,75.5,A,Excellent,Excellent performance this term. Keep up the strong commitment and continue striving for even greater achievement.
DKPSSSS1001,1306,Kazeem Omolara,SSS 1,Third Term,2025/2026,Citizenship Edu,33,50,83,755,75.5,A,Excellent,Excellent performance this term. Keep up the strong commitment and continue striving for even greater achievement.
DKPSSSS1002,2033,Rasheed Fathia,SSS 1,Third Term,2025/2026,English Language,35,31,66,819,81.9,A,Excellent,Excellent performance this term. Keep up the strong commitment and continue striving for even greater achievement.
DKPSSSS1002,2033,Rasheed Fathia,SSS 1,Third Term,2025/2026,Mathematics,31,33,64,819,81.9,A,Excellent,Excellent performance this term. Keep up the strong commitment and continue striving for even greater achievement.
DKPSSSS1002,2033,Rasheed Fathia,SSS 1,Third Term,2025/2026,Horticulture,16,57,73,819,81.9,A,Excellent,Excellent performance this term. Keep up the strong commitment and continue striving for even greater achievement.
DKPSSSS1002,2033,Rasheed Fathia,SSS 1,Third Term,2025/2026,Biology,36,59,95,819,81.9,A,Excellent,Excellent performance this term. Keep up the strong commitment and continue striving for even greater achievement.
DKPSSSS1002,2033,Rasheed Fathia,SSS 1,Third Term,2025/2026,F/Math / Economics,38,58,96,819,81.9,A,Excellent,Excellent performance this term. Keep up the strong commitment and continue striving for even greater achievement.
DKPSSSS1002,2033,Rasheed Fathia,SSS 1,Third Term,2025/2026,Chem / Comm / Yor,35,50,85,819,81.9,A,Excellent,Excellent performance this term. Keep up the strong commitment and continue striving for even greater achievement.
DKPSSSS1002,2033,Rasheed Fathia,SSS 1,Third Term,2025/2026,Phy / Acct / Lit,38,51,89,819,81.9,A,Excellent,Excellent performance this term. Keep up the strong commitment and continue striving for even greater achievement.
DKPSSSS1002,2033,Rasheed Fathia,SSS 1,Third Term,2025/2026,Agric / C.R.S,36,48,84,819,81.9,A,Excellent,Excellent performance this term. Keep up the strong commitment and continue striving for even greater achievement.
DKPSSSS1002,2033,Rasheed Fathia,SSS 1,Third Term,2025/2026,Digital Technology,30,44,74,819,81.9,A,Excellent,Excellent performance this term. Keep up the strong commitment and continue striving for even greater achievement.
DKPSSSS1002,2033,Rasheed Fathia,SSS 1,Third Term,2025/2026,Citizenship Edu,37,56,93,819,81.9,A,Excellent,Excellent performance this term. Keep up the strong commitment and continue striving for even greater achievement.
DKPSSSS1003,4734,Adekeye Mariam,SSS 1,Third Term,2025/2026,English Language,28,19,47,605,55.0,C,Good,"Good performance this term. With greater consistency and focused effort, you can make even stronger progress next term."
DKPSSSS1003,4734,Adekeye Mariam,SSS 1,Third Term,2025/2026,Mathematics,16,16,32,605,55.0,C,Good,"Good performance this term. With greater consistency and focused effort, you can make even stronger progress next term."
DKPSSSS1003,4734,Adekeye Mariam,SSS 1,Third Term,2025/2026,Horticulture,10,52,62,605,55.0,C,Good,"Good performance this term. With greater consistency and focused effort, you can make even stronger progress next term."
DKPSSSS1003,4734,Adekeye Mariam,SSS 1,Third Term,2025/2026,Biology,22,53,75,605,55.0,C,Good,"Good performance this term. With greater consistency and focused effort, you can make even stronger progress next term."
DKPSSSS1003,4734,Adekeye Mariam,SSS 1,Third Term,2025/2026,F/Math / Economics,20,31,51,605,55.0,C,Good,"Good performance this term. With greater consistency and focused effort, you can make even stronger progress next term."
DKPSSSS1003,4734,Adekeye Mariam,SSS 1,Third Term,2025/2026,Chem / Comm / Yor,26,45,71,605,55.0,C,Good,"Good performance this term. With greater consistency and focused effort, you can make even stronger progress next term."
DKPSSSS1003,4734,Adekeye Mariam,SSS 1,Third Term,2025/2026,Phy / Acct / Lit,24,37,61,605,55.0,C,Good,"Good performance this term. With greater consistency and focused effort, you can make even stronger progress next term."
DKPSSSS1003,4734,Adekeye Mariam,SSS 1,Third Term,2025/2026,Digital Technology,20,30,50,605,55.0,C,Good,"Good performance this term. With greater consistency and focused effort, you can make even stronger progress next term."
DKPSSSS1003,4734,Adekeye Mariam,SSS 1,Third Term,2025/2026,Geo / Gov,23,35,58,605,55.0,C,Good,"Good performance this term. With greater consistency and focused effort, you can make even stronger progress next term."
DKPSSSS1003,4734,Adekeye Mariam,SSS 1,Third Term,2025/2026,Citizenship Edu,29,44,73,605,55.0,C,Good,"Good performance this term. With greater consistency and focused effort, you can make even stronger progress next term."
DKPSSSS1003,4734,Adekeye Mariam,SSS 1,Third Term,2025/2026,Marketing,12,13,25,605,55.0,C,Good,"Good performance this term. With greater consistency and focused effort, you can make even stronger progress next term."
DKPSSSS1004,6044,Obadi Victory,SSS 1,Third Term,2025/2026,English Language,10,16,26,531,44.25,E,Pass,You have made a fair effort this term. More attention to your studies and steady practice will help strengthen your performance.
DKPSSSS1004,6044,Obadi Victory,SSS 1,Third Term,2025/2026,Mathematics,7,13,20,531,44.25,E,Pass,You have made a fair effort this term. More attention to your studies and steady practice will help strengthen your performance.
DKPSSSS1004,6044,Obadi Victory,SSS 1,Third Term,2025/2026,Horticulture,24,44,68,531,44.25,E,Pass,You have made a fair effort this term. More attention to your studies and steady practice will help strengthen your performance.
DKPSSSS1004,6044,Obadi Victory,SSS 1,Third Term,2025/2026,Biology,20,31,51,531,44.25,E,Pass,You have made a fair effort this term. More attention to your studies and steady practice will help strengthen your performance.
DKPSSSS1004,6044,Obadi Victory,SSS 1,Third Term,2025/2026,F/Math / Economics,10,13,23,531,44.25,E,Pass,You have made a fair effort this term. More attention to your studies and steady practice will help strengthen your performance.
DKPSSSS1004,6044,Obadi Victory,SSS 1,Third Term,2025/2026,Chem / Comm / Yor,13,20,33,531,44.25,E,Pass,You have made a fair effort this term. More attention to your studies and steady practice will help strengthen your performance.
DKPSSSS1004,6044,Obadi Victory,SSS 1,Third Term,2025/2026,Phy / Acct / Lit,12,44,56,531,44.25,E,Pass,You have made a fair effort this term. More attention to your studies and steady practice will help strengthen your performance.
DKPSSSS1004,6044,Obadi Victory,SSS 1,Third Term,2025/2026,Agric / C.R.S,10,34,44,531,44.25,E,Pass,You have made a fair effort this term. More attention to your studies and steady practice will help strengthen your performance.
DKPSSSS1004,6044,Obadi Victory,SSS 1,Third Term,2025/2026,Digital Technology,20,30,50,531,44.25,E,Pass,You have made a fair effort this term. More attention to your studies and steady practice will help strengthen your performance.
DKPSSSS1004,6044,Obadi Victory,SSS 1,Third Term,2025/2026,Geo / Gov,19,28,47,531,44.25,E,Pass,You have made a fair effort this term. More attention to your studies and steady practice will help strengthen your performance.
DKPSSSS1004,6044,Obadi Victory,SSS 1,Third Term,2025/2026,Citizenship Edu,32,48,80,531,44.25,E,Pass,You have made a fair effort this term. More attention to your studies and steady practice will help strengthen your performance.
DKPSSSS1004,6044,Obadi Victory,SSS 1,Third Term,2025/2026,Marketing,13,20,33,531,44.25,E,Pass,You have made a fair effort this term. More attention to your studies and steady practice will help strengthen your performance.
DKPSSSS1005,3803,Umar Yusuf,SSS 1,Third Term,2025/2026,English Language,24,13,37,347,43.38,E,Pass,You have made a fair effort this term. More attention to your studies and steady practice will help strengthen your performance.
DKPSSSS1005,3803,Umar Yusuf,SSS 1,Third Term,2025/2026,Mathematics,12,5,17,347,43.38,E,Pass,You have made a fair effort this term. More attention to your studies and steady practice will help strengthen your performance.
DKPSSSS1005,3803,Umar Yusuf,SSS 1,Third Term,2025/2026,Horticulture,8,46,54,347,43.38,E,Pass,You have made a fair effort this term. More attention to your studies and steady practice will help strengthen your performance.
DKPSSSS1005,3803,Umar Yusuf,SSS 1,Third Term,2025/2026,Biology,22,29,51,347,43.38,E,Pass,You have made a fair effort this term. More attention to your studies and steady practice will help strengthen your performance.
DKPSSSS1005,3803,Umar Yusuf,SSS 1,Third Term,2025/2026,Chem / Comm / Yor,20,21,41,347,43.38,E,Pass,You have made a fair effort this term. More attention to your studies and steady practice will help strengthen your performance.
DKPSSSS1005,3803,Umar Yusuf,SSS 1,Third Term,2025/2026,Phy / Acct / Lit,22,33,55,347,43.38,E,Pass,You have made a fair effort this term. More attention to your studies and steady practice will help strengthen your performance.
DKPSSSS1005,3803,Umar Yusuf,SSS 1,Third Term,2025/2026,Digital Technology,12,18,30,347,43.38,E,Pass,You have made a fair effort this term. More attention to your studies and steady practice will help strengthen your performance.
DKPSSSS1005,3803,Umar Yusuf,SSS 1,Third Term,2025/2026,Citizenship Edu,25,37,62,347,43.38,E,Pass,You have made a fair effort this term. More attention to your studies and steady practice will help strengthen your performance.
DKPSSSS1006,2739,Oloyede Samod,SSS 1,Third Term,2025/2026,English Language,10,3,13,358,32.55,F,Needs Improvement,"Your performance needs improvement this term. With stronger commitment, regular practice, and support, you can make better progress."
DKPSSSS1006,2739,Oloyede Samod,SSS 1,Third Term,2025/2026,Mathematics,5,5,10,358,32.55,F,Needs Improvement,"Your performance needs improvement this term. With stronger commitment, regular practice, and support, you can make better progress."
DKPSSSS1006,2739,Oloyede Samod,SSS 1,Third Term,2025/2026,Horticulture,8,23,31,358,32.55,F,Needs Improvement,"Your performance needs improvement this term. With stronger commitment, regular practice, and support, you can make better progress."
DKPSSSS1006,2739,Oloyede Samod,SSS 1,Third Term,2025/2026,Biology,28,25,53,358,32.55,F,Needs Improvement,"Your performance needs improvement this term. With stronger commitment, regular practice, and support, you can make better progress."
DKPSSSS1006,2739,Oloyede Samod,SSS 1,Third Term,2025/2026,F/Math / Economics,10,11,21,358,32.55,F,Needs Improvement,"Your performance needs improvement this term. With stronger commitment, regular practice, and support, you can make better progress."
DKPSSSS1006,2739,Oloyede Samod,SSS 1,Third Term,2025/2026,Chem / Comm / Yor,7,39,46,358,32.55,F,Needs Improvement,"Your performance needs improvement this term. With stronger commitment, regular practice, and support, you can make better progress."
DKPSSSS1006,2739,Oloyede Samod,SSS 1,Third Term,2025/2026,Phy / Acct / Lit,16,25,41,358,32.55,F,Needs Improvement,"Your performance needs improvement this term. With stronger commitment, regular practice, and support, you can make better progress."
DKPSSSS1006,2739,Oloyede Samod,SSS 1,Third Term,2025/2026,Digital Technology,12,18,30,358,32.55,F,Needs Improvement,"Your performance needs improvement this term. With stronger commitment, regular practice, and support, you can make better progress."
DKPSSSS1006,2739,Oloyede Samod,SSS 1,Third Term,2025/2026,Geo / Gov,12,18,30,358,32.55,F,Needs Improvement,"Your performance needs improvement this term. With stronger commitment, regular practice, and support, you can make better progress."
DKPSSSS1006,2739,Oloyede Samod,SSS 1,Third Term,2025/2026,Citizenship Edu,23,35,58,358,32.55,F,Needs Improvement,"Your performance needs improvement this term. With stronger commitment, regular practice, and support, you can make better progress."
DKPSSSS1006,2739,Oloyede Samod,SSS 1,Third Term,2025/2026,Marketing,10,15,25,358,32.55,F,Needs Improvement,"Your performance needs improvement this term. With stronger commitment, regular practice, and support, you can make better progress."
DKPSSSS1007,5660,James Joseph,SSS 1,Third Term,2025/2026,English Language,24,3,27,580,48.33,D,Fair,"Fair performance this term. More concentration, regular practice, and consistent effort will help improve your results."
DKPSSSS1007,5660,James Joseph,SSS 1,Third Term,2025/2026,Mathematics,18,12,30,580,48.33,D,Fair,"Fair performance this term. More concentration, regular practice, and consistent effort will help improve your results."
DKPSSSS1007,5660,James Joseph,SSS 1,Third Term,2025/2026,Horticulture,20,45,65,580,48.33,D,Fair,"Fair performance this term. More concentration, regular practice, and consistent effort will help improve your results."
DKPSSSS1007,5660,James Joseph,SSS 1,Third Term,2025/2026,Biology,30,37,67,580,48.33,D,Fair,"Fair performance this term. More concentration, regular practice, and consistent effort will help improve your results."
DKPSSSS1007,5660,James Joseph,SSS 1,Third Term,2025/2026,F/Math / Economics,10,30,40,580,48.33,D,Fair,"Fair performance this term. More concentration, regular practice, and consistent effort will help improve your results."
DKPSSSS1007,5660,James Joseph,SSS 1,Third Term,2025/2026,Chem / Comm / Yor,21,31,52,580,48.33,D,Fair,"Fair performance this term. More concentration, regular practice, and consistent effort will help improve your results."
DKPSSSS1007,5660,James Joseph,SSS 1,Third Term,2025/2026,Phy / Acct / Lit,21,31,52,580,48.33,D,Fair,"Fair performance this term. More concentration, regular practice, and consistent effort will help improve your results."
DKPSSSS1007,5660,James Joseph,SSS 1,Third Term,2025/2026,Agric / C.R.S,10,18,28,580,48.33,D,Fair,"Fair performance this term. More concentration, regular practice, and consistent effort will help improve your results."
DKPSSSS1007,5660,James Joseph,SSS 1,Third Term,2025/2026,Digital Technology,29,43,72,580,48.33,D,Fair,"Fair performance this term. More concentration, regular practice, and consistent effort will help improve your results."
DKPSSSS1007,5660,James Joseph,SSS 1,Third Term,2025/2026,Geo / Gov,7,11,18,580,48.33,D,Fair,"Fair performance this term. More concentration, regular practice, and consistent effort will help improve your results."
DKPSSSS1007,5660,James Joseph,SSS 1,Third Term,2025/2026,Citizenship Edu,33,49,82,580,48.33,D,Fair,"Fair performance this term. More concentration, regular practice, and consistent effort will help improve your results."
DKPSSSS1007,5660,James Joseph,SSS 1,Third Term,2025/2026,Marketing,19,28,47,580,48.33,D,Fair,"Fair performance this term. More concentration, regular practice, and consistent effort will help improve your results."
DKPSSSS1008,3654,Oladele Malik,SSS 1,Third Term,2025/2026,English Language,28,18,46,562,51.09,C,Good,"Good performance this term. With greater consistency and focused effort, you can make even stronger progress next term."
DKPSSSS1008,3654,Oladele Malik,SSS 1,Third Term,2025/2026,Mathematics,17,13,30,562,51.09,C,Good,"Good performance this term. With greater consistency and focused effort, you can make even stronger progress next term."
DKPSSSS1008,3654,Oladele Malik,SSS 1,Third Term,2025/2026,Horticulture,18,43,61,562,51.09,C,Good,"Good performance this term. With greater consistency and focused effort, you can make even stronger progress next term."
DKPSSSS1008,3654,Oladele Malik,SSS 1,Third Term,2025/2026,Biology,25,39,64,562,51.09,C,Good,"Good performance this term. With greater consistency and focused effort, you can make even stronger progress next term."
DKPSSSS1008,3654,Oladele Malik,SSS 1,Third Term,2025/2026,F/Math / Economics,10,24,34,562,51.09,C,Good,"Good performance this term. With greater consistency and focused effort, you can make even stronger progress next term."
DKPSSSS1008,3654,Oladele Malik,SSS 1,Third Term,2025/2026,Chem / Comm / Yor,10,46,56,562,51.09,C,Good,"Good performance this term. With greater consistency and focused effort, you can make even stronger progress next term."
DKPSSSS1008,3654,Oladele Malik,SSS 1,Third Term,2025/2026,Phy / Acct / Lit,20,29,49,562,51.09,C,Good,"Good performance this term. With greater consistency and focused effort, you can make even stronger progress next term."
DKPSSSS1008,3654,Oladele Malik,SSS 1,Third Term,2025/2026,Digital Technology,33,49,82,562,51.09,C,Good,"Good performance this term. With greater consistency and focused effort, you can make even stronger progress next term."
DKPSSSS1008,3654,Oladele Malik,SSS 1,Third Term,2025/2026,Geo / Gov,15,22,37,562,51.09,C,Good,"Good performance this term. With greater consistency and focused effort, you can make even stronger progress next term."
DKPSSSS1008,3654,Oladele Malik,SSS 1,Third Term,2025/2026,Citizenship Edu,31,47,78,562,51.09,C,Good,"Good performance this term. With greater consistency and focused effort, you can make even stronger progress next term."
DKPSSSS1008,3654,Oladele Malik,SSS 1,Third Term,2025/2026,Marketing,10,15,25,562,51.09,C,Good,"Good performance this term. With greater consistency and focused effort, you can make even stronger progress next term."
DKPSSSS1009,2666,Oloyede Suliyat,SSS 1,Third Term,2025/2026,English Language,27,16,43,507,46.09,D,Fair,"Fair performance this term. More concentration, regular practice, and consistent effort will help improve your results."
DKPSSSS1009,2666,Oloyede Suliyat,SSS 1,Third Term,2025/2026,Mathematics,15,5,20,507,46.09,D,Fair,"Fair performance this term. More concentration, regular practice, and consistent effort will help improve your results."
DKPSSSS1009,2666,Oloyede Suliyat,SSS 1,Third Term,2025/2026,Horticulture,24,47,71,507,46.09,D,Fair,"Fair performance this term. More concentration, regular practice, and consistent effort will help improve your results."
DKPSSSS1009,2666,Oloyede Suliyat,SSS 1,Third Term,2025/2026,Biology,20,40,60,507,46.09,D,Fair,"Fair performance this term. More concentration, regular practice, and consistent effort will help improve your results."
DKPSSSS1009,2666,Oloyede Suliyat,SSS 1,Third Term,2025/2026,F/Math / Economics,7,13,20,507,46.09,D,Fair,"Fair performance this term. More concentration, regular practice, and consistent effort will help improve your results."
DKPSSSS1009,2666,Oloyede Suliyat,SSS 1,Third Term,2025/2026,Chem / Comm / Yor,8,25,33,507,46.09,D,Fair,"Fair performance this term. More concentration, regular practice, and consistent effort will help improve your results."
DKPSSSS1009,2666,Oloyede Suliyat,SSS 1,Third Term,2025/2026,Phy / Acct / Lit,31,46,77,507,46.09,D,Fair,"Fair performance this term. More concentration, regular practice, and consistent effort will help improve your results."
DKPSSSS1009,2666,Oloyede Suliyat,SSS 1,Third Term,2025/2026,Digital Technology,12,18,30,507,46.09,D,Fair,"Fair performance this term. More concentration, regular practice, and consistent effort will help improve your results."
DKPSSSS1009,2666,Oloyede Suliyat,SSS 1,Third Term,2025/2026,Geo / Gov,21,32,53,507,46.09,D,Fair,"Fair performance this term. More concentration, regular practice, and consistent effort will help improve your results."
DKPSSSS1009,2666,Oloyede Suliyat,SSS 1,Third Term,2025/2026,Citizenship Edu,30,45,75,507,46.09,D,Fair,"Fair performance this term. More concentration, regular practice, and consistent effort will help improve your results."
DKPSSSS1009,2666,Oloyede Suliyat,SSS 1,Third Term,2025/2026,Marketing,12,15,25,507,46.09,D,Fair,"Fair performance this term. More concentration, regular practice, and consistent effort will help improve your results."
DKPSSSS1010,4037,Ajibode Quoweeyat,SSS 1,Third Term,2025/2026,English Language,34,32,66,700,58.33,C,Good,"Good performance this term. With greater consistency and focused effort, you can make even stronger progress next term."
DKPSSSS1010,4037,Ajibode Quoweeyat,SSS 1,Third Term,2025/2026,Mathematics,23,29,52,700,58.33,C,Good,"Good performance this term. With greater consistency and focused effort, you can make even stronger progress next term."
DKPSSSS1010,4037,Ajibode Quoweeyat,SSS 1,Third Term,2025/2026,Horticulture,16,47,63,700,58.33,C,Good,"Good performance this term. With greater consistency and focused effort, you can make even stronger progress next term."
DKPSSSS1010,4037,Ajibode Quoweeyat,SSS 1,Third Term,2025/2026,Biology,5,40,45,700,58.33,C,Good,"Good performance this term. With greater consistency and focused effort, you can make even stronger progress next term."
DKPSSSS1010,4037,Ajibode Quoweeyat,SSS 1,Third Term,2025/2026,F/Math / Economics,26,18,44,700,58.33,C,Good,"Good performance this term. With greater consistency and focused effort, you can make even stronger progress next term."
DKPSSSS1010,4037,Ajibode Quoweeyat,SSS 1,Third Term,2025/2026,Chem / Comm / Yor,2,37,39,700,58.33,C,Good,"Good performance this term. With greater consistency and focused effort, you can make even stronger progress next term."
DKPSSSS1010,4037,Ajibode Quoweeyat,SSS 1,Third Term,2025/2026,Phy / Acct / Lit,25,37,62,700,58.33,C,Good,"Good performance this term. With greater consistency and focused effort, you can make even stronger progress next term."
DKPSSSS1010,4037,Ajibode Quoweeyat,SSS 1,Third Term,2025/2026,Agric / C.R.S,13,33,46,700,58.33,C,Good,"Good performance this term. With greater consistency and focused effort, you can make even stronger progress next term."
DKPSSSS1010,4037,Ajibode Quoweeyat,SSS 1,Third Term,2025/2026,Digital Technology,29,43,72,700,58.33,C,Good,"Good performance this term. With greater consistency and focused effort, you can make even stronger progress next term."
DKPSSSS1010,4037,Ajibode Quoweeyat,SSS 1,Third Term,2025/2026,Geo / Gov,29,44,73,700,58.33,C,Good,"Good performance this term. With greater consistency and focused effort, you can make even stronger progress next term."
DKPSSSS1010,4037,Ajibode Quoweeyat,SSS 1,Third Term,2025/2026,Citizenship Edu,34,51,85,700,58.33,C,Good,"Good performance this term. With greater consistency and focused effort, you can make even stronger progress next term."
DKPSSSS1010,4037,Ajibode Quoweeyat,SSS 1,Third Term,2025/2026,Marketing,8,32,53,700,58.33,C,Good,"Good performance this term. With greater consistency and focused effort, you can make even stronger progress next term."
DKPSSSS1011,0453,Akintunde Habeeb,SSS 1,Third Term,2025/2026,English Language,26,19,45,592,49.33,D,Fair,"Fair performance this term. More concentration, regular practice, and consistent effort will help improve your results."
DKPSSSS1011,0453,Akintunde Habeeb,SSS 1,Third Term,2025/2026,Mathematics,14,20,34,592,49.33,D,Fair,"Fair performance this term. More concentration, regular practice, and consistent effort will help improve your results."
DKPSSSS1011,0453,Akintunde Habeeb,SSS 1,Third Term,2025/2026,Horticulture,18,43,61,592,49.33,D,Fair,"Fair performance this term. More concentration, regular practice, and consistent effort will help improve your results."
DKPSSSS1011,0453,Akintunde Habeeb,SSS 1,Third Term,2025/2026,Biology,35,41,76,592,49.33,D,Fair,"Fair performance this term. More concentration, regular practice, and consistent effort will help improve your results."
DKPSSSS1011,0453,Akintunde Habeeb,SSS 1,Third Term,2025/2026,F/Math / Economics,5,19,24,592,49.33,D,Fair,"Fair performance this term. More concentration, regular practice, and consistent effort will help improve your results."
DKPSSSS1011,0453,Akintunde Habeeb,SSS 1,Third Term,2025/2026,Chem / Comm / Yor,21,32,53,592,49.33,D,Fair,"Fair performance this term. More concentration, regular practice, and consistent effort will help improve your results."
DKPSSSS1011,0453,Akintunde Habeeb,SSS 1,Third Term,2025/2026,Phy / Acct / Lit,26,39,65,592,49.33,D,Fair,"Fair performance this term. More concentration, regular practice, and consistent effort will help improve your results."
DKPSSSS1011,0453,Akintunde Habeeb,SSS 1,Third Term,2025/2026,Agric / C.R.S,10,34,44,592,49.33,D,Fair,"Fair performance this term. More concentration, regular practice, and consistent effort will help improve your results."
DKPSSSS1011,0453,Akintunde Habeeb,SSS 1,Third Term,2025/2026,Digital Technology,28,42,70,592,49.33,D,Fair,"Fair performance this term. More concentration, regular practice, and consistent effort will help improve your results."
DKPSSSS1011,0453,Akintunde Habeeb,SSS 1,Third Term,2025/2026,Geo / Gov,12,18,30,592,49.33,D,Fair,"Fair performance this term. More concentration, regular practice, and consistent effort will help improve your results."
DKPSSSS1011,0453,Akintunde Habeeb,SSS 1,Third Term,2025/2026,Citizenship Edu,26,39,65,592,49.33,D,Fair,"Fair performance this term. More concentration, regular practice, and consistent effort will help improve your results."
DKPSSSS1011,0453,Akintunde Habeeb,SSS 1,Third Term,2025/2026,Marketing,10,15,25,592,49.33,D,Fair,"Fair performance this term. More concentration, regular practice, and consistent effort will help improve your results."
DKPSSSS1012,6774,Akeem Aliyat,SSS 1,Third Term,2025/2026,English Language,29,35,64,677,56.42,C,Good,"Good performance this term. With greater consistency and focused effort, you can make even stronger progress next term."
DKPSSSS1012,6774,Akeem Aliyat,SSS 1,Third Term,2025/2026,Mathematics,16,15,31,677,56.42,C,Good,"Good performance this term. With greater consistency and focused effort, you can make even stronger progress next term."
DKPSSSS1012,6774,Akeem Aliyat,SSS 1,Third Term,2025/2026,Horticulture,8,48,56,677,56.42,C,Good,"Good performance this term. With greater consistency and focused effort, you can make even stronger progress next term."
DKPSSSS1012,6774,Akeem Aliyat,SSS 1,Third Term,2025/2026,Biology,32,48,80,677,56.42,C,Good,"Good performance this term. With greater consistency and focused effort, you can make even stronger progress next term."
DKPSSSS1012,6774,Akeem Aliyat,SSS 1,Third Term,2025/2026,F/Math / Economics,25,15,40,677,56.42,C,Good,"Good performance this term. With greater consistency and focused effort, you can make even stronger progress next term."
DKPSSSS1012,6774,Akeem Aliyat,SSS 1,Third Term,2025/2026,Chem / Comm / Yor,14,34,48,677,56.42,C,Good,"Good performance this term. With greater consistency and focused effort, you can make even stronger progress next term."
DKPSSSS1012,6774,Akeem Aliyat,SSS 1,Third Term,2025/2026,Phy / Acct / Lit,33,49,82,677,56.42,C,Good,"Good performance this term. With greater consistency and focused effort, you can make even stronger progress next term."
DKPSSSS1012,6774,Akeem Aliyat,SSS 1,Third Term,2025/2026,Agric / C.R.S,21,33,54,677,56.42,C,Good,"Good performance this term. With greater consistency and focused effort, you can make even stronger progress next term."
DKPSSSS1012,6774,Akeem Aliyat,SSS 1,Third Term,2025/2026,Digital Technology,24,36,60,677,56.42,C,Good,"Good performance this term. With greater consistency and focused effort, you can make even stronger progress next term."
DKPSSSS1012,6774,Akeem Aliyat,SSS 1,Third Term,2025/2026,Geo / Gov,19,29,48,677,56.42,C,Good,"Good performance this term. With greater consistency and focused effort, you can make even stronger progress next term."
DKPSSSS1012,6774,Akeem Aliyat,SSS 1,Third Term,2025/2026,Citizenship Edu,33,49,82,677,56.42,C,Good,"Good performance this term. With greater consistency and focused effort, you can make even stronger progress next term."
DKPSSSS1012,6774,Akeem Aliyat,SSS 1,Third Term,2025/2026,Marketing,12,19,32,677,56.42,C,Good,"Good performance this term. With greater consistency and focused effort, you can make even stronger progress next term."
DKPSSSS1013,5288,Olubamowo Gold,SSS 1,Third Term,2025/2026,English Language,27,36,63,664,73.78,A,Excellent,Excellent performance this term. Keep up the strong commitment and continue striving for even greater achievement.
DKPSSSS1013,5288,Olubamowo Gold,SSS 1,Third Term,2025/2026,Mathematics,28,33,61,664,73.78,A,Excellent,Excellent performance this term. Keep up the strong commitment and continue striving for even greater achievement.
DKPSSSS1013,5288,Olubamowo Gold,SSS 1,Third Term,2025/2026,Horticulture,22,54,76,664,73.78,A,Excellent,Excellent performance this term. Keep up the strong commitment and continue striving for even greater achievement.
DKPSSSS1013,5288,Olubamowo Gold,SSS 1,Third Term,2025/2026,Biology,32,51,83,664,73.78,A,Excellent,Excellent performance this term. Keep up the strong commitment and continue striving for even greater achievement.
DKPSSSS1013,5288,Olubamowo Gold,SSS 1,Third Term,2025/2026,Chem / Comm / Yor,29,36,65,664,73.78,A,Excellent,Excellent performance this term. Keep up the strong commitment and continue striving for even greater achievement.
DKPSSSS1013,5288,Olubamowo Gold,SSS 1,Third Term,2025/2026,Phy / Acct / Lit,28,45,82,664,73.78,A,Excellent,Excellent performance this term. Keep up the strong commitment and continue striving for even greater achievement.
DKPSSSS1013,5288,Olubamowo Gold,SSS 1,Third Term,2025/2026,Agric / C.R.S,30,45,75,664,73.78,A,Excellent,Excellent performance this term. Keep up the strong commitment and continue striving for even greater achievement.
DKPSSSS1013,5288,Olubamowo Gold,SSS 1,Third Term,2025/2026,Digital Technology,30,46,76,664,73.78,A,Excellent,Excellent performance this term. Keep up the strong commitment and continue striving for even greater achievement.
DKPSSSS1013,5288,Olubamowo Gold,SSS 1,Third Term,2025/2026,Citizenship Edu,33,50,83,664,73.78,A,Excellent,Excellent performance this term. Keep up the strong commitment and continue striving for even greater achievement.
DKPSSSS1014,9889,Adekanbi Ayoola,SSS 1,Third Term,2025/2026,English Language,18,27,45,698,69.8,B,Very Good,Very good performance this term. Maintain your dedication to learning and continue working toward higher achievement.
DKPSSSS1014,9889,Adekanbi Ayoola,SSS 1,Third Term,2025/2026,Mathematics,30,13,43,698,69.8,B,Very Good,Very good performance this term. Maintain your dedication to learning and continue working toward higher achievement.
DKPSSSS1014,9889,Adekanbi Ayoola,SSS 1,Third Term,2025/2026,Horticulture,24,53,77,698,69.8,B,Very Good,Very good performance this term. Maintain your dedication to learning and continue working toward higher achievement.
DKPSSSS1014,9889,Adekanbi Ayoola,SSS 1,Third Term,2025/2026,Biology,24,56,80,698,69.8,B,Very Good,Very good performance this term. Maintain your dedication to learning and continue working toward higher achievement.
DKPSSSS1014,9889,Adekanbi Ayoola,SSS 1,Third Term,2025/2026,F/Math / Economics,10,49,59,698,69.8,B,Very Good,Very good performance this term. Maintain your dedication to learning and continue working toward higher achievement.
DKPSSSS1014,9889,Adekanbi Ayoola,SSS 1,Third Term,2025/2026,Chem / Comm / Yor,35,52,87,698,69.8,B,Very Good,Very good performance this term. Maintain your dedication to learning and continue working toward higher achievement.
DKPSSSS1014,9889,Adekanbi Ayoola,SSS 1,Third Term,2025/2026,Phy / Acct / Lit,27,41,68,698,69.8,B,Very Good,Very good performance this term. Maintain your dedication to learning and continue working toward higher achievement.
DKPSSSS1014,9889,Adekanbi Ayoola,SSS 1,Third Term,2025/2026,Digital Technology,30,46,76,698,69.8,B,Very Good,Very good performance this term. Maintain your dedication to learning and continue working toward higher achievement.
DKPSSSS1014,9889,Adekanbi Ayoola,SSS 1,Third Term,2025/2026,Geo / Gov,28,42,70,698,69.8,B,Very Good,Very good performance this term. Maintain your dedication to learning and continue working toward higher achievement.
DKPSSSS1014,9889,Adekanbi Ayoola,SSS 1,Third Term,2025/2026,Citizenship Edu,37,56,93,698,69.8,B,Very Good,Very good performance this term. Maintain your dedication to learning and continue working toward higher achievement.
DKPSSSS1015,0357,Francis Fiyin,SSS 1,Third Term,2025/2026,English Language,17,26,43,786,71.45,A,Excellent,Excellent performance this term. Keep up the strong commitment and continue striving for even greater achievement.
DKPSSSS1015,0357,Francis Fiyin,SSS 1,Third Term,2025/2026,Mathematics,28,11,39,786,71.45,A,Excellent,Excellent performance this term. Keep up the strong commitment and continue striving for even greater achievement.
DKPSSSS1015,0357,Francis Fiyin,SSS 1,Third Term,2025/2026,Horticulture,28,53,81,786,71.45,A,Excellent,Excellent performance this term. Keep up the strong commitment and continue striving for even greater achievement.
DKPSSSS1015,0357,Francis Fiyin,SSS 1,Third Term,2025/2026,Biology,35,55,90,786,71.45,A,Excellent,Excellent performance this term. Keep up the strong commitment and continue striving for even greater achievement.
DKPSSSS1015,0357,Francis Fiyin,SSS 1,Third Term,2025/2026,F/Math / Economics,12,18,30,786,71.45,A,Excellent,Excellent performance this term. Keep up the strong commitment and continue striving for even greater achievement.
DKPSSSS1015,0357,Francis Fiyin,SSS 1,Third Term,2025/2026,Chem / Comm / Yor,30,45,75,786,71.45,A,Excellent,Excellent performance this term. Keep up the strong commitment and continue striving for even greater achievement.
DKPSSSS1015,0357,Francis Fiyin,SSS 1,Third Term,2025/2026,Phy / Acct / Lit,30,51,82,786,71.45,A,Excellent,Excellent performance this term. Keep up the strong commitment and continue striving for even greater achievement.
DKPSSSS1015,0357,Francis Fiyin,SSS 1,Third Term,2025/2026,Agric / C.R.S,35,54,89,786,71.45,A,Excellent,Excellent performance this term. Keep up the strong commitment and continue striving for even greater achievement.
DKPSSSS1015,0357,Francis Fiyin,SSS 1,Third Term,2025/2026,Digital Technology,33,49,82,786,71.45,A,Excellent,Excellent performance this term. Keep up the strong commitment and continue striving for even greater achievement.
DKPSSSS1015,0357,Francis Fiyin,SSS 1,Third Term,2025/2026,Geo / Gov,33,50,83,786,71.45,A,Excellent,Excellent performance this term. Keep up the strong commitment and continue striving for even greater achievement.
DKPSSSS1015,0357,Francis Fiyin,SSS 1,Third Term,2025/2026,Citizenship Edu,37,55,92,786,71.45,A,Excellent,Excellent performance this term. Keep up the strong commitment and continue striving for even greater achievement.
DKPSSSS1016,6298,Adeyeye Tobiloba,SSS 1,Third Term,2025/2026,English Language,9,11,20,525,52.5,C,Good,"Good performance this term. With greater consistency and focused effort, you can make even stronger progress next term."
DKPSSSS1016,6298,Adeyeye Tobiloba,SSS 1,Third Term,2025/2026,Mathematics,16,13,29,525,52.5,C,Good,"Good performance this term. With greater consistency and focused effort, you can make even stronger progress next term."
DKPSSSS1016,6298,Adeyeye Tobiloba,SSS 1,Third Term,2025/2026,Horticulture,16,34,50,525,52.5,C,Good,"Good performance this term. With greater consistency and focused effort, you can make even stronger progress next term."
DKPSSSS1016,6298,Adeyeye Tobiloba,SSS 1,Third Term,2025/2026,Biology,5,51,56,525,52.5,C,Good,"Good performance this term. With greater consistency and focused effort, you can make even stronger progress next term."
DKPSSSS1016,6298,Adeyeye Tobiloba,SSS 1,Third Term,2025/2026,F/Math / Economics,10,36,46,525,52.5,C,Good,"Good performance this term. With greater consistency and focused effort, you can make even stronger progress next term."
DKPSSSS1016,6298,Adeyeye Tobiloba,SSS 1,Third Term,2025/2026,Chem / Comm / Yor,30,40,70,525,52.5,C,Good,"Good performance this term. With greater consistency and focused effort, you can make even stronger progress next term."
DKPSSSS1016,6298,Adeyeye Tobiloba,SSS 1,Third Term,2025/2026,Phy / Acct / Lit,28,8,82,525,52.5,C,Good,"Good performance this term. With greater consistency and focused effort, you can make even stronger progress next term."
DKPSSSS1016,6298,Adeyeye Tobiloba,SSS 1,Third Term,2025/2026,Digital Technology,29,43,72,525,52.5,C,Good,"Good performance this term. With greater consistency and focused effort, you can make even stronger progress next term."
DKPSSSS1016,6298,Adeyeye Tobiloba,SSS 1,Third Term,2025/2026,Geo / Gov,17,26,43,525,52.5,C,Good,"Good performance this term. With greater consistency and focused effort, you can make even stronger progress next term."
DKPSSSS1016,6298,Adeyeye Tobiloba,SSS 1,Third Term,2025/2026,Citizenship Edu,23,34,57,525,52.5,C,Good,"Good performance this term. With greater consistency and focused effort, you can make even stronger progress next term."
DKPSSSS2001,8346,Edward Emmanuel,SSS 2,Third Term,2025/2026,English Language,22,24,46,509,42.42,E,Pass,You have made a fair effort this term. More attention to your studies and steady practice will help strengthen your performance.
DKPSSSS2001,8346,Edward Emmanuel,SSS 2,Third Term,2025/2026,Mathematics,10,10,20,509,42.42,E,Pass,You have made a fair effort this term. More attention to your studies and steady practice will help strengthen your performance.
DKPSSSS2001,8346,Edward Emmanuel,SSS 2,Third Term,2025/2026,Horticulture,17,25,42,509,42.42,E,Pass,You have made a fair effort this term. More attention to your studies and steady practice will help strengthen your performance.
DKPSSSS2001,8346,Edward Emmanuel,SSS 2,Third Term,2025/2026,Biology,28,24,52,509,42.42,E,Pass,You have made a fair effort this term. More attention to your studies and steady practice will help strengthen your performance.
DKPSSSS2001,8346,Edward Emmanuel,SSS 2,Third Term,2025/2026,F/Math / Economics,17,12,29,509,42.42,E,Pass,You have made a fair effort this term. More attention to your studies and steady practice will help strengthen your performance.
DKPSSSS2001,8346,Edward Emmanuel,SSS 2,Third Term,2025/2026,Chem / Comm / Yor,5,29,34,509,42.42,E,Pass,You have made a fair effort this term. More attention to your studies and steady practice will help strengthen your performance.
DKPSSSS2001,8346,Edward Emmanuel,SSS 2,Third Term,2025/2026,Phy / Acct / Lit,23,35,58,509,42.42,E,Pass,You have made a fair effort this term. More attention to your studies and steady practice will help strengthen your performance.
DKPSSSS2001,8346,Edward Emmanuel,SSS 2,Third Term,2025/2026,Agric / C.R.S,3,28,31,509,42.42,E,Pass,You have made a fair effort this term. More attention to your studies and steady practice will help strengthen your performance.
DKPSSSS2001,8346,Edward Emmanuel,SSS 2,Third Term,2025/2026,Digital Technology,28,42,70,509,42.42,E,Pass,You have made a fair effort this term. More attention to your studies and steady practice will help strengthen your performance.
DKPSSSS2001,8346,Edward Emmanuel,SSS 2,Third Term,2025/2026,Geo / Gov,17,26,43,509,42.42,E,Pass,You have made a fair effort this term. More attention to your studies and steady practice will help strengthen your performance.
DKPSSSS2001,8346,Edward Emmanuel,SSS 2,Third Term,2025/2026,Citizenship Edu,23,34,57,509,42.42,E,Pass,You have made a fair effort this term. More attention to your studies and steady practice will help strengthen your performance.
DKPSSSS2001,8346,Edward Emmanuel,SSS 2,Third Term,2025/2026,Marketing,11,16,27,509,42.42,E,Pass,You have made a fair effort this term. More attention to your studies and steady practice will help strengthen your performance.
DKPSSSS2002,7036,Ajagbe Ajarat,SSS 2,Third Term,2025/2026,English Language,36,35,71,733,73.3,A,Excellent,Excellent performance this term. Keep up the strong commitment and continue striving for even greater achievement.
DKPSSSS2002,7036,Ajagbe Ajarat,SSS 2,Third Term,2025/2026,Mathematics,30,36,66,733,73.3,A,Excellent,Excellent performance this term. Keep up the strong commitment and continue striving for even greater achievement.
DKPSSSS2002,7036,Ajagbe Ajarat,SSS 2,Third Term,2025/2026,Horticulture,24,46,70,733,73.3,A,Excellent,Excellent performance this term. Keep up the strong commitment and continue striving for even greater achievement.
DKPSSSS2002,7036,Ajagbe Ajarat,SSS 2,Third Term,2025/2026,Biology,33,49,82,733,73.3,A,Excellent,Excellent performance this term. Keep up the strong commitment and continue striving for even greater achievement.
DKPSSSS2002,7036,Ajagbe Ajarat,SSS 2,Third Term,2025/2026,Chem / Comm / Yor,35,41,76,733,73.3,A,Excellent,Excellent performance this term. Keep up the strong commitment and continue striving for even greater achievement.
DKPSSSS2002,7036,Ajagbe Ajarat,SSS 2,Third Term,2025/2026,Phy / Acct / Lit,32,42,74,733,73.3,A,Excellent,Excellent performance this term. Keep up the strong commitment and continue striving for even greater achievement.
DKPSSSS2002,7036,Ajagbe Ajarat,SSS 2,Third Term,2025/2026,Agric / C.R.S,36,53,89,733,73.3,A,Excellent,Excellent performance this term. Keep up the strong commitment and continue striving for even greater achievement.
DKPSSSS2002,7036,Ajagbe Ajarat,SSS 2,Third Term,2025/2026,Digital Technology,28,42,70,733,73.3,A,Excellent,Excellent performance this term. Keep up the strong commitment and continue striving for even greater achievement.
DKPSSSS2002,7036,Ajagbe Ajarat,SSS 2,Third Term,2025/2026,Citizenship Edu,36,54,90,733,73.3,A,Excellent,Excellent performance this term. Keep up the strong commitment and continue striving for even greater achievement.
DKPSSSS2002,7036,Ajagbe Ajarat,SSS 2,Third Term,2025/2026,Marketing,18,27,45,733,73.3,A,Excellent,Excellent performance this term. Keep up the strong commitment and continue striving for even greater achievement.
DKPSSSS2003,4301,Giwa Zainab,SSS 2,Third Term,2025/2026,English Language,20,29,49,699,63.55,B,Very Good,Very good performance this term. Maintain your dedication to learning and continue working toward higher achievement.
DKPSSSS2003,4301,Giwa Zainab,SSS 2,Third Term,2025/2026,Mathematics,30,45,75,699,63.55,B,Very Good,Very good performance this term. Maintain your dedication to learning and continue working toward higher achievement.
DKPSSSS2003,4301,Giwa Zainab,SSS 2,Third Term,2025/2026,Horticulture,20,43,63,699,63.55,B,Very Good,Very good performance this term. Maintain your dedication to learning and continue working toward higher achievement.
DKPSSSS2003,4301,Giwa Zainab,SSS 2,Third Term,2025/2026,Biology,27,43,70,699,63.55,B,Very Good,Very good performance this term. Maintain your dedication to learning and continue working toward higher achievement.
DKPSSSS2003,4301,Giwa Zainab,SSS 2,Third Term,2025/2026,F/Math / Economics,28,42,70,699,63.55,B,Very Good,Very good performance this term. Maintain your dedication to learning and continue working toward higher achievement.
DKPSSSS2003,4301,Giwa Zainab,SSS 2,Third Term,2025/2026,Chem / Comm / Yor,35,52,87,699,63.55,B,Very Good,Very good performance this term. Maintain your dedication to learning and continue working toward higher achievement.
DKPSSSS2003,4301,Giwa Zainab,SSS 2,Third Term,2025/2026,Phy / Acct / Lit,24,37,61,699,63.55,B,Very Good,Very good performance this term. Maintain your dedication to learning and continue working toward higher achievement.
DKPSSSS2003,4301,Giwa Zainab,SSS 2,Third Term,2025/2026,Digital Technology,16,24,40,699,63.55,B,Very Good,Very good performance this term. Maintain your dedication to learning and continue working toward higher achievement.
DKPSSSS2003,4301,Giwa Zainab,SSS 2,Third Term,2025/2026,Geo / Gov,25,38,63,699,63.55,B,Very Good,Very good performance this term. Maintain your dedication to learning and continue working toward higher achievement.
DKPSSSS2003,4301,Giwa Zainab,SSS 2,Third Term,2025/2026,Citizenship Edu,35,53,88,699,63.55,B,Very Good,Very good performance this term. Maintain your dedication to learning and continue working toward higher achievement.
DKPSSSS2003,4301,Giwa Zainab,SSS 2,Third Term,2025/2026,Marketing,13,20,33,699,63.55,B,Very Good,Very good performance this term. Maintain your dedication to learning and continue working toward higher achievement.
DKPSSSS2004,5250,Ayodele Tobiloba,SSS 2,Third Term,2025/2026,English Language,23,24,47,801,80.1,A,Excellent,Excellent performance this term. Keep up the strong commitment and continue striving for even greater achievement.
DKPSSSS2004,5250,Ayodele Tobiloba,SSS 2,Third Term,2025/2026,Mathematics,36,54,90,801,80.1,A,Excellent,Excellent performance this term. Keep up the strong commitment and continue striving for even greater achievement.
DKPSSSS2004,5250,Ayodele Tobiloba,SSS 2,Third Term,2025/2026,Horticulture,32,50,82,801,80.1,A,Excellent,Excellent performance this term. Keep up the strong commitment and continue striving for even greater achievement.
DKPSSSS2004,5250,Ayodele Tobiloba,SSS 2,Third Term,2025/2026,Biology,36,54,90,801,80.1,A,Excellent,Excellent performance this term. Keep up the strong commitment and continue striving for even greater achievement.
DKPSSSS2004,5250,Ayodele Tobiloba,SSS 2,Third Term,2025/2026,Chem / Comm / Yor,35,54,89,801,80.1,A,Excellent,Excellent performance this term. Keep up the strong commitment and continue striving for even greater achievement.
DKPSSSS2004,5250,Ayodele Tobiloba,SSS 2,Third Term,2025/2026,Phy / Acct / Lit,40,50,90,801,80.1,A,Excellent,Excellent performance this term. Keep up the strong commitment and continue striving for even greater achievement.
DKPSSSS2004,5250,Ayodele Tobiloba,SSS 2,Third Term,2025/2026,Agric / C.R.S,40,56,96,801,80.1,A,Excellent,Excellent performance this term. Keep up the strong commitment and continue striving for even greater achievement.
DKPSSSS2004,5250,Ayodele Tobiloba,SSS 2,Third Term,2025/2026,Digital Technology,26,40,66,801,80.1,A,Excellent,Excellent performance this term. Keep up the strong commitment and continue striving for even greater achievement.
DKPSSSS2004,5250,Ayodele Tobiloba,SSS 2,Third Term,2025/2026,Citizenship Edu,37,56,93,801,80.1,A,Excellent,Excellent performance this term. Keep up the strong commitment and continue striving for even greater achievement.
DKPSSSS2004,5250,Ayodele Tobiloba,SSS 2,Third Term,2025/2026,Marketing,23,35,58,801,80.1,A,Excellent,Excellent performance this term. Keep up the strong commitment and continue striving for even greater achievement.
DKPSSSS2005,1248,Yusuf Omolara,SSS 2,Third Term,2025/2026,English Language,17,24,41,609,60.9,B,Very Good,Very good performance this term. Maintain your dedication to learning and continue working toward higher achievement.
DKPSSSS2005,1248,Yusuf Omolara,SSS 2,Third Term,2025/2026,Mathematics,28,32,60,609,60.9,B,Very Good,Very good performance this term. Maintain your dedication to learning and continue working toward higher achievement.
DKPSSSS2005,1248,Yusuf Omolara,SSS 2,Third Term,2025/2026,Horticulture,22,40,62,609,60.9,B,Very Good,Very good performance this term. Maintain your dedication to learning and continue working toward higher achievement.
DKPSSSS2005,1248,Yusuf Omolara,SSS 2,Third Term,2025/2026,Biology,26,52,78,609,60.9,B,Very Good,Very good performance this term. Maintain your dedication to learning and continue working toward higher achievement.
DKPSSSS2005,1248,Yusuf Omolara,SSS 2,Third Term,2025/2026,Chem / Comm / Yor,32,33,65,609,60.9,B,Very Good,Very good performance this term. Maintain your dedication to learning and continue working toward higher achievement.
DKPSSSS2005,1248,Yusuf Omolara,SSS 2,Third Term,2025/2026,Phy / Acct / Lit,28,31,59,609,60.9,B,Very Good,Very good performance this term. Maintain your dedication to learning and continue working toward higher achievement.
DKPSSSS2005,1248,Yusuf Omolara,SSS 2,Third Term,2025/2026,Agric / C.R.S,35,38,73,609,60.9,B,Very Good,Very good performance this term. Maintain your dedication to learning and continue working toward higher achievement.
DKPSSSS2005,1248,Yusuf Omolara,SSS 2,Third Term,2025/2026,Digital Technology,26,40,66,609,60.9,B,Very Good,Very good performance this term. Maintain your dedication to learning and continue working toward higher achievement.
DKPSSSS2005,1248,Yusuf Omolara,SSS 2,Third Term,2025/2026,Citizenship Edu,29,43,72,609,60.9,B,Very Good,Very good performance this term. Maintain your dedication to learning and continue working toward higher achievement.
DKPSSSS2005,1248,Yusuf Omolara,SSS 2,Third Term,2025/2026,Marketing,13,20,33,609,60.9,B,Very Good,Very good performance this term. Maintain your dedication to learning and continue working toward higher achievement.
DKPSSSS2006,3045,Adegbite Boluwatife,SSS 2,Third Term,2025/2026,English Language,24,26,50,682,68.2,B,Very Good,Very good performance this term. Maintain your dedication to learning and continue working toward higher achievement.
DKPSSSS2006,3045,Adegbite Boluwatife,SSS 2,Third Term,2025/2026,Mathematics,28,44,72,682,68.2,B,Very Good,Very good performance this term. Maintain your dedication to learning and continue working toward higher achievement.
DKPSSSS2006,3045,Adegbite Boluwatife,SSS 2,Third Term,2025/2026,Horticulture,18,57,75,682,68.2,B,Very Good,Very good performance this term. Maintain your dedication to learning and continue working toward higher achievement.
DKPSSSS2006,3045,Adegbite Boluwatife,SSS 2,Third Term,2025/2026,Biology,32,47,79,682,68.2,B,Very Good,Very good performance this term. Maintain your dedication to learning and continue working toward higher achievement.
DKPSSSS2006,3045,Adegbite Boluwatife,SSS 2,Third Term,2025/2026,Chem / Comm / Yor,30,43,73,682,68.2,B,Very Good,Very good performance this term. Maintain your dedication to learning and continue working toward higher achievement.
DKPSSSS2006,3045,Adegbite Boluwatife,SSS 2,Third Term,2025/2026,Phy / Acct / Lit,30,36,66,682,68.2,B,Very Good,Very good performance this term. Maintain your dedication to learning and continue working toward higher achievement.
DKPSSSS2006,3045,Adegbite Boluwatife,SSS 2,Third Term,2025/2026,Agric / C.R.S,36,44,80,682,68.2,B,Very Good,Very good performance this term. Maintain your dedication to learning and continue working toward higher achievement.
DKPSSSS2006,3045,Adegbite Boluwatife,SSS 2,Third Term,2025/2026,Digital Technology,24,36,60,682,68.2,B,Very Good,Very good performance this term. Maintain your dedication to learning and continue working toward higher achievement.
DKPSSSS2006,3045,Adegbite Boluwatife,SSS 2,Third Term,2025/2026,Citizenship Edu,34,51,85,682,68.2,B,Very Good,Very good performance this term. Maintain your dedication to learning and continue working toward higher achievement.
DKPSSSS2006,3045,Adegbite Boluwatife,SSS 2,Third Term,2025/2026,Marketing,17,25,42,682,68.2,B,Very Good,Very good performance this term. Maintain your dedication to learning and continue working toward higher achievement.
DKPSSSS2007,9511,Oladele Faridat,SSS 2,Third Term,2025/2026,English Language,22,34,56,739,73.9,A,Excellent,Excellent performance this term. Keep up the strong commitment and continue striving for even greater achievement.
DKPSSSS2007,9511,Oladele Faridat,SSS 2,Third Term,2025/2026,Mathematics,32,48,80,739,73.9,A,Excellent,Excellent performance this term. Keep up the strong commitment and continue striving for even greater achievement.
DKPSSSS2007,9511,Oladele Faridat,SSS 2,Third Term,2025/2026,Horticulture,24,45,69,739,73.9,A,Excellent,Excellent performance this term. Keep up the strong commitment and continue striving for even greater achievement.
DKPSSSS2007,9511,Oladele Faridat,SSS 2,Third Term,2025/2026,Biology,35,43,78,739,73.9,A,Excellent,Excellent performance this term. Keep up the strong commitment and continue striving for even greater achievement.
DKPSSSS2007,9511,Oladele Faridat,SSS 2,Third Term,2025/2026,Chem / Comm / Yor,32,53,85,739,73.9,A,Excellent,Excellent performance this term. Keep up the strong commitment and continue striving for even greater achievement.
DKPSSSS2007,9511,Oladele Faridat,SSS 2,Third Term,2025/2026,Phy / Acct / Lit,38,46,84,739,73.9,A,Excellent,Excellent performance this term. Keep up the strong commitment and continue striving for even greater achievement.
DKPSSSS2007,9511,Oladele Faridat,SSS 2,Third Term,2025/2026,Agric / C.R.S,35,46,81,739,73.9,A,Excellent,Excellent performance this term. Keep up the strong commitment and continue striving for even greater achievement.
DKPSSSS2007,9511,Oladele Faridat,SSS 2,Third Term,2025/2026,Digital Technology,28,42,70,739,73.9,A,Excellent,Excellent performance this term. Keep up the strong commitment and continue striving for even greater achievement.
DKPSSSS2007,9511,Oladele Faridat,SSS 2,Third Term,2025/2026,Citizenship Edu,35,53,88,739,73.9,A,Excellent,Excellent performance this term. Keep up the strong commitment and continue striving for even greater achievement.
DKPSSSS2007,9511,Oladele Faridat,SSS 2,Third Term,2025/2026,Marketing,19,29,48,739,73.9,A,Excellent,Excellent performance this term. Keep up the strong commitment and continue striving for even greater achievement.
DKPSSSS2008,1178,Umar Bashar,SSS 2,Third Term,2025/2026,English Language,19,28,47,803,80.3,A,Excellent,Excellent performance this term. Keep up the strong commitment and continue striving for even greater achievement.
DKPSSSS2008,1178,Umar Bashar,SSS 2,Third Term,2025/2026,Mathematics,37,51,88,803,80.3,A,Excellent,Excellent performance this term. Keep up the strong commitment and continue striving for even greater achievement.
DKPSSSS2008,1178,Umar Bashar,SSS 2,Third Term,2025/2026,Horticulture,30,53,83,803,80.3,A,Excellent,Excellent performance this term. Keep up the strong commitment and continue striving for even greater achievement.
DKPSSSS2008,1178,Umar Bashar,SSS 2,Third Term,2025/2026,Biology,34,55,89,803,80.3,A,Excellent,Excellent performance this term. Keep up the strong commitment and continue striving for even greater achievement.
DKPSSSS2008,1178,Umar Bashar,SSS 2,Third Term,2025/2026,F/Math / Economics,33,50,83,803,80.3,A,Excellent,Excellent performance this term. Keep up the strong commitment and continue striving for even greater achievement.
DKPSSSS2008,1178,Umar Bashar,SSS 2,Third Term,2025/2026,Chem / Comm / Yor,31,59,90,803,80.3,A,Excellent,Excellent performance this term. Keep up the strong commitment and continue striving for even greater achievement.
DKPSSSS2008,1178,Umar Bashar,SSS 2,Third Term,2025/2026,Phy / Acct / Lit,38,51,89,803,80.3,A,Excellent,Excellent performance this term. Keep up the strong commitment and continue striving for even greater achievement.
DKPSSSS2008,1178,Umar Bashar,SSS 2,Third Term,2025/2026,Digital Technology,34,50,84,803,80.3,A,Excellent,Excellent performance this term. Keep up the strong commitment and continue striving for even greater achievement.
DKPSSSS2008,1178,Umar Bashar,SSS 2,Third Term,2025/2026,Citizenship Edu,36,54,90,803,80.3,A,Excellent,Excellent performance this term. Keep up the strong commitment and continue striving for even greater achievement.
DKPSSSS2008,1178,Umar Bashar,SSS 2,Third Term,2025/2026,Marketing,24,36,60,803,80.3,A,Excellent,Excellent performance this term. Keep up the strong commitment and continue striving for even greater achievement.
DKPSSSS2009,8173,Felix Deborah,SSS 2,Third Term,2025/2026,English Language,16,23,39,510,42.5,E,Pass,You have made a fair effort this term. More attention to your studies and steady practice will help strengthen your performance.
DKPSSSS2009,8173,Felix Deborah,SSS 2,Third Term,2025/2026,Mathematics,12,15,27,510,42.5,E,Pass,You have made a fair effort this term. More attention to your studies and steady practice will help strengthen your performance.
DKPSSSS2009,8173,Felix Deborah,SSS 2,Third Term,2025/2026,Horticulture,10,37,47,510,42.5,E,Pass,You have made a fair effort this term. More attention to your studies and steady practice will help strengthen your performance.
DKPSSSS2009,8173,Felix Deborah,SSS 2,Third Term,2025/2026,Biology,20,34,54,510,42.5,E,Pass,You have made a fair effort this term. More attention to your studies and steady practice will help strengthen your performance.
DKPSSSS2009,8173,Felix Deborah,SSS 2,Third Term,2025/2026,F/Math / Economics,17,13,30,510,42.5,E,Pass,You have made a fair effort this term. More attention to your studies and steady practice will help strengthen your performance.
DKPSSSS2009,8173,Felix Deborah,SSS 2,Third Term,2025/2026,Chem / Comm / Yor,7,22,29,510,42.5,E,Pass,You have made a fair effort this term. More attention to your studies and steady practice will help strengthen your performance.
DKPSSSS2009,8173,Felix Deborah,SSS 2,Third Term,2025/2026,Phy / Acct / Lit,28,42,70,510,42.5,E,Pass,You have made a fair effort this term. More attention to your studies and steady practice will help strengthen your performance.
DKPSSSS2009,8173,Felix Deborah,SSS 2,Third Term,2025/2026,Agric / C.R.S,3,28,31,510,42.5,E,Pass,You have made a fair effort this term. More attention to your studies and steady practice will help strengthen your performance.
DKPSSSS2009,8173,Felix Deborah,SSS 2,Third Term,2025/2026,Digital Technology,19,29,48,510,42.5,E,Pass,You have made a fair effort this term. More attention to your studies and steady practice will help strengthen your performance.
DKPSSSS2009,8173,Felix Deborah,SSS 2,Third Term,2025/2026,Geo / Gov,10,15,25,510,42.5,E,Pass,You have made a fair effort this term. More attention to your studies and steady practice will help strengthen your performance.
DKPSSSS2009,8173,Felix Deborah,SSS 2,Third Term,2025/2026,Citizenship Edu,37,55,92,510,42.5,E,Pass,You have made a fair effort this term. More attention to your studies and steady practice will help strengthen your performance.
DKPSSSS2009,8173,Felix Deborah,SSS 2,Third Term,2025/2026,Marketing,7,11,18,510,42.5,E,Pass,You have made a fair effort this term. More attention to your studies and steady practice will help strengthen your performance.
DKPSSSS2010,9169,Onatunji Emmanuella,SSS 2,Third Term,2025/2026,English Language,28,31,59,748,62.33,B,Very Good,Very good performance this term. Maintain your dedication to learning and continue working toward higher achievement.
DKPSSSS2010,9169,Onatunji Emmanuella,SSS 2,Third Term,2025/2026,Mathematics,27,32,59,748,62.33,B,Very Good,Very good performance this term. Maintain your dedication to learning and continue working toward higher achievement.
DKPSSSS2010,9169,Onatunji Emmanuella,SSS 2,Third Term,2025/2026,Horticulture,22,31,53,748,62.33,B,Very Good,Very good performance this term. Maintain your dedication to learning and continue working toward higher achievement.
DKPSSSS2010,9169,Onatunji Emmanuella,SSS 2,Third Term,2025/2026,Biology,30,47,77,748,62.33,B,Very Good,Very good performance this term. Maintain your dedication to learning and continue working toward higher achievement.
DKPSSSS2010,9169,Onatunji Emmanuella,SSS 2,Third Term,2025/2026,F/Math / Economics,15,22,37,748,62.33,B,Very Good,Very good performance this term. Maintain your dedication to learning and continue working toward higher achievement.
DKPSSSS2010,9169,Onatunji Emmanuella,SSS 2,Third Term,2025/2026,Chem / Comm / Yor,25,38,63,748,62.33,B,Very Good,Very good performance this term. Maintain your dedication to learning and continue working toward higher achievement.
DKPSSSS2010,9169,Onatunji Emmanuella,SSS 2,Third Term,2025/2026,Phy / Acct / Lit,34,51,85,748,62.33,B,Very Good,Very good performance this term. Maintain your dedication to learning and continue working toward higher achievement.
DKPSSSS2010,9169,Onatunji Emmanuella,SSS 2,Third Term,2025/2026,Agric / C.R.S,26,39,65,748,62.33,B,Very Good,Very good performance this term. Maintain your dedication to learning and continue working toward higher achievement.
DKPSSSS2010,9169,Onatunji Emmanuella,SSS 2,Third Term,2025/2026,Digital Technology,28,42,70,748,62.33,B,Very Good,Very good performance this term. Maintain your dedication to learning and continue working toward higher achievement.
DKPSSSS2010,9169,Onatunji Emmanuella,SSS 2,Third Term,2025/2026,Geo / Gov,25,37,62,748,62.33,B,Very Good,Very good performance this term. Maintain your dedication to learning and continue working toward higher achievement.
DKPSSSS2010,9169,Onatunji Emmanuella,SSS 2,Third Term,2025/2026,Citizenship Edu,33,50,83,748,62.33,B,Very Good,Very good performance this term. Maintain your dedication to learning and continue working toward higher achievement.
DKPSSSS2010,9169,Onatunji Emmanuella,SSS 2,Third Term,2025/2026,Marketing,14,21,35,748,62.33,B,Very Good,Very good performance this term. Maintain your dedication to learning and continue working toward higher achievement.
DKPSSSS2011,4629,Akinola Tomilola,SSS 2,Third Term,2025/2026,English Language,16,23,39,717,65.18,B,Very Good,Very good performance this term. Maintain your dedication to learning and continue working toward higher achievement.
DKPSSSS2011,4629,Akinola Tomilola,SSS 2,Third Term,2025/2026,Mathematics,33,46,79,717,65.18,B,Very Good,Very good performance this term. Maintain your dedication to learning and continue working toward higher achievement.
DKPSSSS2011,4629,Akinola Tomilola,SSS 2,Third Term,2025/2026,Horticulture,10,49,59,717,65.18,B,Very Good,Very good performance this term. Maintain your dedication to learning and continue working toward higher achievement.
DKPSSSS2011,4629,Akinola Tomilola,SSS 2,Third Term,2025/2026,Biology,22,43,65,717,65.18,B,Very Good,Very good performance this term. Maintain your dedication to learning and continue working toward higher achievement.
DKPSSSS2011,4629,Akinola Tomilola,SSS 2,Third Term,2025/2026,F/Math / Economics,34,52,86,717,65.18,B,Very Good,Very good performance this term. Maintain your dedication to learning and continue working toward higher achievement.
DKPSSSS2011,4629,Akinola Tomilola,SSS 2,Third Term,2025/2026,Chem / Comm / Yor,32,47,79,717,65.18,B,Very Good,Very good performance this term. Maintain your dedication to learning and continue working toward higher achievement.
DKPSSSS2011,4629,Akinola Tomilola,SSS 2,Third Term,2025/2026,Phy / Acct / Lit,35,37,72,717,65.18,B,Very Good,Very good performance this term. Maintain your dedication to learning and continue working toward higher achievement.
DKPSSSS2011,4629,Akinola Tomilola,SSS 2,Third Term,2025/2026,Digital Technology,27,41,68,717,65.18,B,Very Good,Very good performance this term. Maintain your dedication to learning and continue working toward higher achievement.
DKPSSSS2011,4629,Akinola Tomilola,SSS 2,Third Term,2025/2026,Geo / Gov,20,30,50,717,65.18,B,Very Good,Very good performance this term. Maintain your dedication to learning and continue working toward higher achievement.
DKPSSSS2011,4629,Akinola Tomilola,SSS 2,Third Term,2025/2026,Citizenship Edu,33,49,82,717,65.18,B,Very Good,Very good performance this term. Maintain your dedication to learning and continue working toward higher achievement.
DKPSSSS2011,4629,Akinola Tomilola,SSS 2,Third Term,2025/2026,Marketing,15,23,38,717,65.18,B,Very Good,Very good performance this term. Maintain your dedication to learning and continue working toward higher achievement.
DKPSSSS2012,1402,Joseph Emmanuel,SSS 2,Third Term,2025/2026,English Language,13,29,42,850,70.83,A,Excellent,Excellent performance this term. Keep up the strong commitment and continue striving for even greater achievement.
DKPSSSS2012,1402,Joseph Emmanuel,SSS 2,Third Term,2025/2026,Mathematics,28,41,69,850,70.83,A,Excellent,Excellent performance this term. Keep up the strong commitment and continue striving for even greater achievement.
DKPSSSS2012,1402,Joseph Emmanuel,SSS 2,Third Term,2025/2026,Horticulture,36,43,79,850,70.83,A,Excellent,Excellent performance this term. Keep up the strong commitment and continue striving for even greater achievement.
DKPSSSS2012,1402,Joseph Emmanuel,SSS 2,Third Term,2025/2026,Biology,21,49,70,850,70.83,A,Excellent,Excellent performance this term. Keep up the strong commitment and continue striving for even greater achievement.
DKPSSSS2012,1402,Joseph Emmanuel,SSS 2,Third Term,2025/2026,F/Math / Economics,25,38,63,850,70.83,A,Excellent,Excellent performance this term. Keep up the strong commitment and continue striving for even greater achievement.
DKPSSSS2012,1402,Joseph Emmanuel,SSS 2,Third Term,2025/2026,Chem / Comm / Yor,28,42,70,850,70.83,A,Excellent,Excellent performance this term. Keep up the strong commitment and continue striving for even greater achievement.
DKPSSSS2012,1402,Joseph Emmanuel,SSS 2,Third Term,2025/2026,Phy / Acct / Lit,37,55,92,850,70.83,A,Excellent,Excellent performance this term. Keep up the strong commitment and continue striving for even greater achievement.
DKPSSSS2012,1402,Joseph Emmanuel,SSS 2,Third Term,2025/2026,Agric / C.R.S,26,39,65,850,70.83,A,Excellent,Excellent performance this term. Keep up the strong commitment and continue striving for even greater achievement.
DKPSSSS2012,1402,Joseph Emmanuel,SSS 2,Third Term,2025/2026,Digital Technology,30,44,74,850,70.83,A,Excellent,Excellent performance this term. Keep up the strong commitment and continue striving for even greater achievement.
DKPSSSS2012,1402,Joseph Emmanuel,SSS 2,Third Term,2025/2026,Geo / Gov,28,42,70,850,70.83,A,Excellent,Excellent performance this term. Keep up the strong commitment and continue striving for even greater achievement.
DKPSSSS2012,1402,Joseph Emmanuel,SSS 2,Third Term,2025/2026,Citizenship Edu,37,56,93,850,70.83,A,Excellent,Excellent performance this term. Keep up the strong commitment and continue striving for even greater achievement.
DKPSSSS2012,1402,Joseph Emmanuel,SSS 2,Third Term,2025/2026,Marketing,25,38,63,850,70.83,A,Excellent,Excellent performance this term. Keep up the strong commitment and continue striving for even greater achievement.
DKPSSSS2013,2826,Akinbode Muiz,SSS 2,Third Term,2025/2026,English Language,12,18,30,398,33.17,F,Needs Improvement,"Your performance needs improvement this term. With stronger commitment, regular practice, and support, you can make better progress."
DKPSSSS2013,2826,Akinbode Muiz,SSS 2,Third Term,2025/2026,Mathematics,15,30,45,398,33.17,F,Needs Improvement,"Your performance needs improvement this term. With stronger commitment, regular practice, and support, you can make better progress."
DKPSSSS2013,2826,Akinbode Muiz,SSS 2,Third Term,2025/2026,Horticulture,21,31,52,398,33.17,F,Needs Improvement,"Your performance needs improvement this term. With stronger commitment, regular practice, and support, you can make better progress."
DKPSSSS2013,2826,Akinbode Muiz,SSS 2,Third Term,2025/2026,Biology,10,20,30,398,33.17,F,Needs Improvement,"Your performance needs improvement this term. With stronger commitment, regular practice, and support, you can make better progress."
DKPSSSS2013,2826,Akinbode Muiz,SSS 2,Third Term,2025/2026,F/Math / Economics,4,6,10,398,33.17,F,Needs Improvement,"Your performance needs improvement this term. With stronger commitment, regular practice, and support, you can make better progress."
DKPSSSS2013,2826,Akinbode Muiz,SSS 2,Third Term,2025/2026,Chem / Comm / Yor,21,32,53,398,33.17,F,Needs Improvement,"Your performance needs improvement this term. With stronger commitment, regular practice, and support, you can make better progress."
DKPSSSS2013,2826,Akinbode Muiz,SSS 2,Third Term,2025/2026,Phy / Acct / Lit,22,33,55,398,33.17,F,Needs Improvement,"Your performance needs improvement this term. With stronger commitment, regular practice, and support, you can make better progress."
DKPSSSS2013,2826,Akinbode Muiz,SSS 2,Third Term,2025/2026,Agric / C.R.S,10,20,30,398,33.17,F,Needs Improvement,"Your performance needs improvement this term. With stronger commitment, regular practice, and support, you can make better progress."
DKPSSSS2013,2826,Akinbode Muiz,SSS 2,Third Term,2025/2026,Digital Technology,12,18,30,398,33.17,F,Needs Improvement,"Your performance needs improvement this term. With stronger commitment, regular practice, and support, you can make better progress."
DKPSSSS2013,2826,Akinbode Muiz,SSS 2,Third Term,2025/2026,Geo / Gov,5,8,13,398,33.17,F,Needs Improvement,"Your performance needs improvement this term. With stronger commitment, regular practice, and support, you can make better progress."
DKPSSSS2013,2826,Akinbode Muiz,SSS 2,Third Term,2025/2026,Citizenship Edu,10,20,30,398,33.17,F,Needs Improvement,"Your performance needs improvement this term. With stronger commitment, regular practice, and support, you can make better progress."
DKPSSSS2013,2826,Akinbode Muiz,SSS 2,Third Term,2025/2026,Marketing,8,12,20,398,33.17,F,Needs Improvement,"Your performance needs improvement this term. With stronger commitment, regular practice, and support, you can make better progress."
DKPSSSS2014,8551,Issa Abdulkareem,SSS 2,Third Term,2025/2026,English Language,9,14,23,417,34.75,F,Needs Improvement,"Your performance needs improvement this term. With stronger commitment, regular practice, and support, you can make better progress."
DKPSSSS2014,8551,Issa Abdulkareem,SSS 2,Third Term,2025/2026,Mathematics,19,10,29,417,34.75,F,Needs Improvement,"Your performance needs improvement this term. With stronger commitment, regular practice, and support, you can make better progress."
DKPSSSS2014,8551,Issa Abdulkareem,SSS 2,Third Term,2025/2026,Horticulture,24,36,60,417,34.75,F,Needs Improvement,"Your performance needs improvement this term. With stronger commitment, regular practice, and support, you can make better progress."
DKPSSSS2014,8551,Issa Abdulkareem,SSS 2,Third Term,2025/2026,Biology,10,20,30,417,34.75,F,Needs Improvement,"Your performance needs improvement this term. With stronger commitment, regular practice, and support, you can make better progress."
DKPSSSS2014,8551,Issa Abdulkareem,SSS 2,Third Term,2025/2026,F/Math / Economics,7,10,17,417,34.75,F,Needs Improvement,"Your performance needs improvement this term. With stronger commitment, regular practice, and support, you can make better progress."
DKPSSSS2014,8551,Issa Abdulkareem,SSS 2,Third Term,2025/2026,Chem / Comm / Yor,10,20,30,417,34.75,F,Needs Improvement,"Your performance needs improvement this term. With stronger commitment, regular practice, and support, you can make better progress."
DKPSSSS2014,8551,Issa Abdulkareem,SSS 2,Third Term,2025/2026,Phy / Acct / Lit,10,20,30,417,34.75,F,Needs Improvement,"Your performance needs improvement this term. With stronger commitment, regular practice, and support, you can make better progress."
DKPSSSS2014,8551,Issa Abdulkareem,SSS 2,Third Term,2025/2026,Agric / C.R.S,10,20,30,417,34.75,F,Needs Improvement,"Your performance needs improvement this term. With stronger commitment, regular practice, and support, you can make better progress."
DKPSSSS2014,8551,Issa Abdulkareem,SSS 2,Third Term,2025/2026,Digital Technology,12,18,30,417,34.75,F,Needs Improvement,"Your performance needs improvement this term. With stronger commitment, regular practice, and support, you can make better progress."
DKPSSSS2014,8551,Issa Abdulkareem,SSS 2,Third Term,2025/2026,Geo / Gov,20,30,50,417,34.75,F,Needs Improvement,"Your performance needs improvement this term. With stronger commitment, regular practice, and support, you can make better progress."
DKPSSSS2014,8551,Issa Abdulkareem,SSS 2,Third Term,2025/2026,Citizenship Edu,23,35,58,417,34.75,F,Needs Improvement,"Your performance needs improvement this term. With stronger commitment, regular practice, and support, you can make better progress."
DKPSSSS2014,8551,Issa Abdulkareem,SSS 2,Third Term,2025/2026,Marketing,10,20,30,417,34.75,F,Needs Improvement,"Your performance needs improvement this term. With stronger commitment, regular practice, and support, you can make better progress."
